COMPLAIN	ur bank atm still out of service...no money...people using hdfc with good service.
COMPLAIN	rt : your illiteracy about india &amp; its ppl continues not sure how it makes sense 2 u when u air hindi ads in kannad
COMPLAIN	rt : still cheque is not cleared slowbank 
COMPLAIN	still cheque is not cleared slowbank 
COMPLAIN	have booked one ticket from bpl to nzm and then cancelled. but the refund hasn't received as yet. 
COMPLAIN	I REPLIED BUT NO REVERT FROM THEIR END. MANAGER'S NO. MENTIONED THEREIN WAS ALSO WRONG	i got a mail from a branch
COMPLAIN	how do you expect your customers to call you if you don't provide any contact informatio 
COMPLAIN	MULTIPLE CALLS	i had to make rounds to the bank it's scary how they really don't care
COMPLAIN	surprising. recall a dodgy forex txn on my credit card and they immediately blocked the card &amp; sent a new one. 
COMPLAIN	had ed to about suspicious activity and they never really did anything about it
COMPLAIN	i've applied hl in virar branch but even after 1 month i've received not received the sanction letter.
COMPLAIN	WHERE IS THE CASHBACK? HAVE NOT RECEIVED ANYTHING SO FAR ON MY  SAVINGS ACCOUNT	over 60 days now
COMPLAIN	so you don't even care to respond to tweets as well .. eh.. nice way of providing support..
COMPLAIN	what's use of intrnl debit card when it doesn't work.i tried using platinum debit card in uae &amp; it doesn't work.i m stuck.
COMPLAIN	A TRANSACTION ON  WAS CANCELLED AND REFUND HASN'T BEEN REFLECTED IN MY ACCOUNT YET.	hey 
COMPLAIN	call needs to be from mr. ravi narayanan as promised earlier. query ref no icicicare only got tarikhpetarikh
COMPLAIN	not need to do anything for me. i will manage things. i don't want to use your atm services from now on.
COMPLAIN	change this to icicibanknevercares
COMPLAIN	CLOSE THAT ACCOUNT. I AM OPENING A AC IN AXIS BANK	leave it man
COMPLAIN	they never answer on your issues. but just to manage twitter
COMPLAIN	what the atm isn't fixed?? badi badi baatin vada pav khaate. 
COMPLAIN	rt : u ppl are ridiculous.can't even reply to one tweet while u keep calling and irritating for cred
COMPLAIN	money deposited in atm is not reflected in my account. and no one is answering. waiting
COMPLAIN	shared my contact number on dm but haven't received any call.
COMPLAIN	i want to address a bad experience i have gone through with your bank housing loan department.
COMPLAIN	what is going on in reputated banks like icici..how can we trust..how they are neglecting
COMPLAIN	funding a township which is not approved by lda. is also apart of this fraud. 
COMPLAIN	u ppl are ridiculous.can't even reply to one tweet while u keep calling and irritating for credit card.
COMPLAIN	funding a township which is not approved by lda. is also apart of this fraud. 
COMPLAIN	funding a township which is not approved by lda. is also apart of this fraud. 
COMPLAIN	we have had a very embarrassing episode of an international transaction. i'd like to dm you the details...
COMPLAIN	your courier partner xpreesbees is horrible not replying mail and not delivering product even if they had for last 6 days
COMPLAIN	DO ICICI BANK AUTHORITIES REALLY C 	several attempts failed to get my money back under sr435210712
COMPLAIN	FIRST FLIGHT DOC P991Q0325705 NOT YET DELIVERED. LYING AT BHOPAL SINCE 13/10. NO PROPER REPLY GIVEN BY COURIER.	my card pin
COMPLAIN	icici bank doesn't cares. had given complete documents to open current account but chd sec9 branch is not responding :(
COMPLAIN	that's nt d point card was blocked for no reason. saying dr case of fraud. while serving no purpose. what sorcery is this.
COMPLAIN	also this is not about you calling me but selling me something based on lies &amp; deceptions.
COMPLAIN	when i can expect call? its more than 24 hours
COMPLAIN	YES U	hey fraudsters r u gonna do something about the burglary u did on my acc? cant believe u cant respond too
COMPLAIN	i am shocked he was use very unprofessional behavior &amp; threat me !
COMPLAIN	rt : thy r least interested in problems facing by their customer in daytoday life..poorcustomerservi
COMPLAIN	GOT ONLY 4600 FRM ATM    	withdrw amt 0f 5000rs.frm atm (canarabank durgapura jaipur
COMPLAIN	not resolved till now..!! really not happening <ed><u+00a0><u+00bd><ed><u+00b8><u+0090>
COMPLAIN	this is what you get... now? why can you not provide statements on app / phone banking : email... b 
COMPLAIN	IN THIS AGE OF ONLINE BANKING...	need to shift home loan and hence need all this man... what a bank
COMPLAIN	thy r least interested in problems facing by their customer in daytoday life.. 
COMPLAIN	icici card blocked for no reasn. exec has no answr. sugsts i got new card. notoicici sadservice
COMPLAIN	NO MONEY	rt : close this dead atm. poor service from past 8months. no ac no rec
COMPLAIN	rt : i need money right at my doorstep. this is 7th to 8th incident i'm reporting. i can't hear/read the wor
COMPLAIN	NO MONEY	rt : close this dead atm. poor service from past 8months. no ac no rec
COMPLAIN	if you guys are so efficient with sending me bills. show some efficiency when i need service.
COMPLAIN	my online payments are stalled because of zero cooperation from your side!
COMPLAIN	the customer care executive said that it will be done within 2 working days. its been more than a week.
COMPLAIN	is giving me a tough time! how the hell do i change the registered mobile number on my credit card?
COMPLAIN	get the address from icici facebook team. i have shared my details for last all events. i can't share it again and again.
COMPLAIN	PLS VISIT BRANCH. WORST BANKING EXPERIENCE EVER.	welcome to if you want your own home loan a/c stmt
COMPLAIN	there is no reply already 48 business hours gone ceo n employee all are shameless 
COMPLAIN	lame worst fraudsters thieves i am still waiting to hear from u thieves! u stole my money! shameless
COMPLAIN	i need money right at my doorstep. this is 7th to 8th incident i'm reporting. i can't hear/read the word sorry.
COMPLAIN	having the worst experience from past couple of month. least bothered.
COMPLAIN	NO MONEY	close this dead atm. poor service from past 8months. no ac no 
COMPLAIN	shut this official page then if you guys cannot repond to cuatomers compalint.
COMPLAIN	same till date.. no call yet.. pathetic
COMPLAIN	why is credit card not updated in cibil for my card ???
COMPLAIN	great thought chanda ma'am. better tell someone to cleanup icici support as well. it's useless
COMPLAIN	same way a chat support which tells me to call customer care number is useless
COMPLAIN	on top of that i cant get a simple otp on my phone so my account is practically useless for me. i guess better close my a/c
COMPLAIN	the person on chat can not create a support case either. why have such channels which are no help
COMPLAIN	and the phone lines are always busy? what the hell is going on?
COMPLAIN	guys why do you have chat facility for nri customers if they cant provide any support and tell to call customer care number
COMPLAIN	still waiting for call. in dis era i had to visit branch &amp; yet issue is unresolved
COMPLAIN	been two days since i have given my contact number but still no 1 from the bank bothered to give me a call 
COMPLAIN	AROUND AN HOUR OF TALKING AND STILL NO SOLUTION.	. your customer service is more than frustrating. 3 calls
COMPLAIN	3rd day and no one has called fraudstericici worstbank icicibank u wont get away! 
COMPLAIN	rt : this is how u treat ur corporate customers? i didn't hear anything from anyone still! .c
COMPLAIN	rt : why there's no kannada language in ur challan. saw this today in bhattarahal
COMPLAIN	rt : why there's no kannada language in ur challan. saw this today in bhattarahal
COMPLAIN	not happy with your services this time. sheer disappointment.
COMPLAIN	i had the most horrible experience with your executive. i wasn't given proper guidance to my problem. (1/2)
COMPLAIN	I WONDER WHAT IS TAKING SO LONG FOR YOU GUYS TO CREDIT BACK THE MONEY....WORST SERVICE EVER......WORST..	still no response
COMPLAIN	still no improvement. same story. one of both atm machines down most of the time. 
COMPLAIN	REP TRIED TO SELL THEIR PRODUCT.NOT HAPPY	called custcare twice but issue is still not resolved.instead of solving my issue
COMPLAIN	CONTACTED ICICI BANK	me too got similar mail but not much help from them
COMPLAIN	do you even use your twitter? becoz i have something very urgent to and you are least bothered.
COMPLAIN	WS TRYING TO WITHDRAW RS.6500 FRM SBI ATM OCT 01	unhappy wid service &amp; support bt there was dispense failure.pls help.
COMPLAIN	my experience is getting horrible now it your courier partner xpreesbees i don't know why they taking this much time.
COMPLAIN	got two pins without any credit card. poor customer service dissatisfied customer kindly help 
COMPLAIN	still no update on my issue 
COMPLAIN	rt : grammar is still your best friend though. 
COMPLAIN	even after 4 days haven't received a response from your side unprofessional frustrated
COMPLAIN	its been 24 hours gone .... pathetic 24*7 service of liars club senior none of them called me 
COMPLAIN	unhappy with your service. u just failed full fill your word u gave to ur customer badcustomerservice
COMPLAIN	rt : why there's no kannada language in ur challan. saw this today in bhattarahal
COMPLAIN	SAY THEY FROM THE BANK. PHISHING RISK V HIGH NO SECURITY 	do not even inform changes in writing. anyone calls
COMPLAIN	rt : my god this is serious fraud
COMPLAIN	grammar is still your best friend though. 
COMPLAIN	: is chanda kocchar's team trying to clean our pockets. please return my money.refer to dm's for details.(2)
COMPLAIN	: kindly see the dm's to for details.please return my money for the unopened new account.(1)
COMPLAIN	getting bad gateway from link 
COMPLAIN	rt : why there's no kannada language in ur challan. saw this today in bhattarahal
COMPLAIN	okay. so no one called even after sharing number dontcare?
COMPLAIN	your net banking isn't secure.ur system says transaction failed but you still go and transfer the money. tired of followups
COMPLAIN	rt : why there's no kannada language in ur challan. saw this today in bhattarahal
COMPLAIN	u want me to pay rs 200 for the debit card? so first you screw the customer and then ask them to pay to get back to normal?
COMPLAIN	can you update me on my long standing unsolved issue?way the issue is not being solved?why so much delay?kailash chandrapant
COMPLAIN	rt : why there's no kannada language in ur challan. saw this today in bhattarahal
COMPLAIN	rt : why there's no kannada language in ur challan. saw this today in bhattarahal
COMPLAIN	rt : availability of challan in kannada must be made mandatory. not on 
COMPLAIN	rt : why there's no kannada language in ur challan. saw this today in bhattarahal
COMPLAIN	rt : availability of challan in kannada must be made mandatory. not on 
COMPLAIN	rt : availability of challan in kannada must be made mandatory. not on 
COMPLAIN	rt : why there's no kannada language in ur challan. saw this today in bhattarahal
COMPLAIN	thanks. completed bank formalities in person today.my atm card is with me but transaction happened. still in shock.
COMPLAIN	one of the 24*7 third class customer care of never ever go with 
COMPLAIN	agents are fack and liars as they have to sell policy and company support them making public fool
COMPLAIN	seniors does not have time to note down  and resolve it on prior basis 
COMPLAIN	never purchase any policy from fraud they are giving some other policy 
COMPLAIN	there is no security available whn u transfer fund from icici imobile app 
COMPLAIN	do you guys reply on dm or email..!! it's really not acceptable.. plzz arrange the call back asap 9886161947
COMPLAIN	rt : a small ell instead of small i in the address. the s missing after http. fraud mail. 
COMPLAIN	so far no one contacted me since last 3 days.
COMPLAIN	rt : 24x7 customer support not available at 7.30 am.
COMPLAIN	24x7 customer support not available at 7.30 am.
COMPLAIN	please contact me on 8800166385 as i had already send an email on customercare but didn't get any revert on that.
COMPLAIN	my payment failed on 20th september! is saying that money in stuck with bank! but here bank dosnt reply pathetic
COMPLAIN	faced severe banking fraud.tried visiting nearest policestations but no one is willing to launch a t
COMPLAIN	this is how u treat ur corporate customers? i didn't hear anything from anyone still! 
COMPLAIN	availability of challan in kannada must be made mandatory. not on 
COMPLAIN	MOBILE NO 9810678567. THE MATTER PERTAINS TO FRAUDULENT TRANSFER OF FUND (SR432671313)	i am subedar major (retd.) ak dash
COMPLAIN	rt : credit card executives lured me with false offers then backed off unprofessional frustrated (1/2) 
COMPLAIN	I CAN'T LOG INTO MY NET BANKING ACCOUNT	rt : . for some reason says it has been disabled. i have to make a
COMPLAIN	two days gone. still waiting for your team to contact me. ur team is pretty quick when selling car 
COMPLAIN	your way of treating your customers is by putting them on hold for one hour!! you guys suck!!
COMPLAIN	you are showing your care by keeping your customers on hold for one hour
COMPLAIN	it is avoid this attitude that one chooses a private bank by it seems bhowanipore branch couldn't c 
COMPLAIN	bhowanipore branch has 10 employees working but can't hand over debit card delivered to branch 20 mins after working hours
COMPLAIN	CLOSED WITHOUT ANY RESOLUTION OR INFORMATION TO CUSTOMER	no service  for previous calls or sms
COMPLAIN	UNPROFESSIONALISM MORE THAN GOVT BANKS	false assurance &amp; rude behavior of phone banking officers. sr436330185
COMPLAIN	WHENEVER I CALL AT UR  NO 	sir they forward call didn't get solution . h 
COMPLAIN	no refund till date (as committed by your representative) 
COMPLAIN	no update till now 
COMPLAIN	did not inform me that i have to allocate the order separately. but at least they try to help honestly unlike your....
COMPLAIN	already shared my number...its already been 24 hrs...i dont think icici bank cares for its customers.
COMPLAIN	stock price up and service level down. noonecares service  submitted on aug26th yet to be acted upon. 
COMPLAIN	I CAN'T LOG INTO MY NET BANKING ACCOUNT	. for some reason says it has been disabled. i have to make an urgent transaction!
COMPLAIN	still issue is not resolved. no one is responding. 
COMPLAIN	i was supposed to get a call from icici bank.but.have not received so far.
COMPLAIN	pathetic service. pathetic vendor blue dart india. they do not deliver the debit card. customer care doesn't work of both.
COMPLAIN	still awaiting for your call
COMPLAIN	deeply disappointed in icici bank service. email t no. '0007naby5cr3b8hf:level1t'
COMPLAIN	NO RESPONSE YET. ANYTIME SOON?	shared the details yesterday
COMPLAIN	000 RUPEES AVAILABLE IN WRONG ACCOUNT.	this is to inform you that more than 10tack imme 
COMPLAIN	one of the most disgusting customer care support. wanted to open an account waiting for call since a week. anybody responds?
COMPLAIN	guys ! today is monday its been 1 month 3 days since i applied for a cc. this has been my worst experience. losing faith.
COMPLAIN	i wish rm cared 2 respond. hoping people 2 know about this. thank you for the info though!!
COMPLAIN	experienced fraudulent transactions on my credit card for the first time.. had to get it blocked. efficient support from 
COMPLAIN	BUT HE IS NOT PICKING THE PHONE. REGARDING HOME LOAN DISBURSEMENT. PLEASE HELP.	trying to reach your relationship officer
COMPLAIN	no call back received yet. no emails. no details provided. kindly contact asap
COMPLAIN	PLEASE HELP.	i have noticed fraudulent activity on my netbanking and a huge amount is missing
COMPLAIN	i am charged mab charges on my account thrice without any info available on my account profile about mab reqmt. plz rvrs
COMPLAIN	i have sent you the details in dm. please look into this matter very urgently.
COMPLAIN	bank  no is sr435985508 . till now i havent got any positive response from the icici.plz do the needful asap
COMPLAIN	the foreclosure letter rcvd from u says prepayment charges wt r dis chrgs pls? was told no prpymnt pnlty earlier..pls help
COMPLAIN	USD	some 56 random transactions in euro inr for amounts ranging from usd 1 to 100. not sure from where 
COMPLAIN	till now i not have received your statement of my cc card than don't blame me for delay payment also make sure it not effect
COMPLAIN	ITS BEEN ALMOST 20 DAYS AND THE MONEY HAS NOT BEEN CREDIT BACK.	i still have not received a single phone call
COMPLAIN	FOR SAME CODE OTHER SOURCES SHOWING C 	int add payee page ifsc code search is showing wrong address
COMPLAIN	haven't received a neft credit alert to a payee for a transfer i did in the morning. help please?
COMPLAIN	sr434652299 on 04/10/2016. no card received till date. plz issue any debit card on priority i m nt able to trnfr
COMPLAIN	your illiteracy about india &amp; its ppl continues not sure how it makes sense 2 u when u air hindi ads in kannada fm channels!
COMPLAIN	ios app has too many issues in login
COMPLAIN	why your dnd? there's a national dnd which you need to honor.
COMPLAIN	just to let you know a bank account with no transaction facility is useless
COMPLAIN	PEOPLE ARE GETTING SUCH FAKE MAILS ICICIBANK 	kindly send out mailer to customers 
COMPLAIN	stop fooling your customer . i didn't receive any call/ email from your side! suggest everyone to not bank with 
COMPLAIN	banks like doesnt support in the transfer of single female employees to there home state nor in the work time
COMPLAIN	private bnks like make work women from 9 to 9 pm who will be reponsible if anything happens with thm
COMPLAIN	HOW MUCH TIME REQUIRED FOR CREDITING NEFT AMOUNT FROM SBI TO ICICI SAVING ACCOUNT! THREE DAYS! WHAT RBI GUIDELINES ARE?	sir
COMPLIMENT	yes. i have been assured of a resolution. thank you.
COMPLIMENT	thanks
COMPLIMENT	HOPE CONCERNED TEAM WILL PROGRESS FROM LOOKING  	vijay padiyar: thanks
COMPLIMENT	HOPE CONCERNED TEAM WILL PROGRESS FROM LOOKING INTO IT TO FIXING IT AT SOME STAGE.	thanks
COMPLIMENT	great!! very helpful.
COMPLIMENT	thank you sunil for sorting it out so quickly. the docs are submitted in the bank. a big thank you for helping me. :) :)
COMPLIMENT	thanks!
COMPLIMENT	replied on dm. thanks!
COMPLIMENT	thnks for prompt response. i have full faith and confidence in icici bank protocals to investigate and arrange my money back
COMPLIMENT	yes they did couple of time and followed the matter issue is resolved.. thanks team..
COMPLIMENT	rt : antiphishing.com along with your contact details. thank you for the alert and your continuing
COMPLIMENT	quick response on twitter. now let's see problem resolution speed... 
COMPLIMENT	thanks to . my problem solved.
COMPLIMENT	thanks icici bank resolving the issue. response is quite slow &amp; requires reminder
LEAD	WAS TRYING TO APPLY FOR A PERSONAL LOAN. IT WONT ALLOW ME TO GET PAST THIS SCREEN. WHAT TO DO? 	hey
LEAD	18TH OCT. GETTING A CONFIRMATION OF CREDIT AT BENEFICIARY ACCOUNT IS URGENT.	i hope i'll get a callback on tuesday
MISCEALLANEOUS	sent. had sent before as well but obviously you never cared to call. let's see this time
MISCEALLANEOUS	really strange. just took one phone call (from them) in my case. 
MISCEALLANEOUS	IT'S ALL RIGHT ALIGNED AND NOT VIS 	email gone wrong! can't read the mail
MISCEALLANEOUS	first ask for contact details fr t redressal nxt sleeps over fr 5 days post recpt of inf nx 
MISCEALLANEOUS	still nobody contacted me; very strange
MISCEALLANEOUS	5 days and is yet to get back.such tweets are a farce to project a resp customer centric image .rea 
MISCEALLANEOUS	5 days and the elephant called icici bank has not moved!reward of banking from inception &amp; being wealth management customer!
MISCEALLANEOUS	shocking to know that how can be such a cold blooded towards customer issues
MISCEALLANEOUS	same issue with hdfc too 
MISCEALLANEOUS	this was not sent to me. a friend of mine shared it
MISCEALLANEOUS	my no9999984371
MISCEALLANEOUS	exactly. <ed><u+00a0><u+00bd><ed><u+00b1><u+008d>
MISCEALLANEOUS	rt : get the address from icici facebook team. i have shared my details for last all events. i can't share i
MISCEALLANEOUS	rt : i am going to conduct survey for this atm in my area and i'm going to publish my analysis on internet.
MISCEALLANEOUS	i am going to conduct survey for this atm in my area and i'm going to publish my analysis on internet.
MISCEALLANEOUS	: i have recive the mail for conformation nitin tambe your icici credit card application ref. no 2
MISCEALLANEOUS	the grammar is quite a giveaway :)
MISCEALLANEOUS	one of my friend received phishing email which looks like genuine. pls 
MISCEALLANEOUS	that's the scamsters' statutory warning. they just can't let go of that signature. 
MISCEALLANEOUS	all that unnecessary capitalization and grammatical errors would make me suspicious though...
MISCEALLANEOUS	this is next levell
MISCEALLANEOUS	shared my number
MISCEALLANEOUS	rt : a small ell instead of small i in the address. the s missing after http. fraud mail. 
MISCEALLANEOUS	my god this is serious fraud
MISCEALLANEOUS	this is how fraudster operate. web address is same except *s* missing in *https* and *l* used inst 
MISCEALLANEOUS	still no resolution even you got the my issue from pmo india.
MISCEALLANEOUS	rt : a small ell instead of small i in the address. the s missing after http. fraud mail. 
MISCEALLANEOUS	rt : a small ell instead of small i in the address. the s missing after http. fraud mail. 
MISCEALLANEOUS	rt : safeguard yourself against banking fraud! read &amp; follow safebanking tips. rt to share: https:/
MISCEALLANEOUS	rt : a small ell instead of small i in the address. the s missing after http. fraud mail. 
MISCEALLANEOUS	rt : a small ell instead of small i in the address. the s missing after http. fraud mail. 
MISCEALLANEOUS	bank's fraud detection logic automatically suspended card temporarily to prevent further transactions 
MISCEALLANEOUS	rt : a small ell instead of small i in the address. the s missing after http. fraud mail. 
MISCEALLANEOUS	rt : a small ell instead of small i in the address. the s missing after http. fraud mail. 
MISCEALLANEOUS	and the bad english is also usually a giveaway (1/2)
MISCEALLANEOUS	rt : a small ell instead of small i in the address. the s missing after http. fraud mail. 
MISCEALLANEOUS	rt : a small ell instead of small i in the address. the s missing after http. fraud mail. 
MISCEALLANEOUS	then only it's gets debited. i highlighted this to n 
MISCEALLANEOUS	rt : a small ell instead of small i in the address. the s missing after http. fraud mail. 
MISCEALLANEOUS	rt : a small ell instead of small i in the address. the s missing after http. fraud mail. 
MISCEALLANEOUS	my cibil score but all together staff are just doing time pass and making customer defaulter
MISCEALLANEOUS	but it's coming mobile number issue my mobile number is same 8680022607
MISCEALLANEOUS	rt : a small ell instead of small i in the address. the s missing after http. fraud mail. 
MISCEALLANEOUS	rt : a small ell instead of small i in the address. the s missing after http. fraud mail. 
MISCEALLANEOUS	rt : a small ell instead of small i in the address. the s missing after http. fraud mail. 
MISCEALLANEOUS	sorry 2 info u tat i hv not been cntctd uptil now inspite f providin my cntct details as askd by u....th wait continues...
MISCEALLANEOUS	rt : a small ell instead of small i in the address. the s missing after http. fraud mail. 
MISCEALLANEOUS	rt : a small ell instead of small i in the address. the s missing after http. fraud mail. 
MISCEALLANEOUS	maybe the setting is not active. since i was not able to send dm. 
MISCEALLANEOUS	rt : a small ell instead of small i in the address. the s missing after http. fraud mail. 
MISCEALLANEOUS	rt : a small ell instead of small i in the address. the s missing after http. fraud mail. 
MISCEALLANEOUS	rt : a small ell instead of small i in the address. the s missing after http. fraud mail. 
MISCEALLANEOUS	rt : a small ell instead of small i in the address. the s missing after http. fraud mail. 
MISCEALLANEOUS	rt : a small ell instead of small i in the address. the s missing after http. fraud mail. 
MISCEALLANEOUS	rt : a small ell instead of small i in the address. the s missing after http. fraud mail. 
MISCEALLANEOUS	rt : a small ell instead of small i in the address. the s missing after http. fraud mail. 
MISCEALLANEOUS	rt : a small ell instead of small i in the address. the s missing after http. fraud mail. 
MISCEALLANEOUS	rt : a small ell instead of small i in the address. the s missing after http. fraud mail. 
MISCEALLANEOUS	rt : a small ell instead of small i in the address. the s missing after http. fraud mail. 
MISCEALLANEOUS	rt : a small ell instead of small i in the address. the s missing after http. fraud mail. 
MISCEALLANEOUS	rt : a small ell instead of small i in the address. the s missing after http. fraud mail. 
MISCEALLANEOUS	rt : a small ell instead of small i in the address. the s missing after http. fraud mail. 
MISCEALLANEOUS	rt : a small ell instead of small i in the address. the s missing after http. fraud mail. 
MISCEALLANEOUS	rt : a small ell instead of small i in the address. the s missing after http. fraud mail. 
MISCEALLANEOUS	rt : a small ell instead of small i in the address. the s missing after http. fraud mail. 
MISCEALLANEOUS	rt : a small ell instead of small i in the address. the s missing after http. fraud mail. 
MISCEALLANEOUS	rt : a small ell instead of small i in the address. the s missing after http. fraud mail. 
MISCEALLANEOUS	my card pin docket p991q0325705 not yet delivered by first flight. lying since 13th at bhopal. no satisfactory reply.
MISCEALLANEOUS	rt : a small ell instead of small i in the address. the s missing after http. fraud mail. 
MISCEALLANEOUS	rt : a small ell instead of small i in the address. the s missing after http. fraud mail. 
MISCEALLANEOUS	rt : a small ell instead of small i in the address. the s missing after http. fraud mail. 
MISCEALLANEOUS	rt : a small ell instead of small i in the address. the s missing after http. fraud mail. 
MISCEALLANEOUS	rt : a small ell instead of small i in the address. the s missing after http. fraud mail. 
MISCEALLANEOUS	rt : a small ell instead of small i in the address. the s missing after http. fraud mail. 
MISCEALLANEOUS	rt : a small ell instead of small i in the address. the s missing after http. fraud mail. 
MISCEALLANEOUS	rt : a small ell instead of small i in the address. the s missing after http. fraud mail. 
MISCEALLANEOUS	rt : a small ell instead of small i in the address. the s missing after http. fraud mail. 
MISCEALLANEOUS	rt : a small ell instead of small i in the address. the s missing after http. fraud mail. 
MISCEALLANEOUS	rt : a small ell instead of small i in the address. the s missing after http. fraud mail. 
MISCEALLANEOUS	rt : a small ell instead of small i in the address. the s missing after http. fraud mail. 
MISCEALLANEOUS	rt : a small ell instead of small i in the address. the s missing after http. fraud mail. 
MISCEALLANEOUS	rt : a small ell instead of small i in the address. the s missing after http. fraud mail. 
MISCEALLANEOUS	i had subscribed to mymoney during the offer period. didn't get the amazon voucher yet. when can i 
MISCEALLANEOUS	rt : a small ell instead of small i in the address. the s missing after http. fraud mail. 
MISCEALLANEOUS	rt : a small ell instead of small i in the address. the s missing after http. fraud mail. 
MISCEALLANEOUS	rt : a small ell instead of small i in the address. the s missing after http. fraud mail. 
MISCEALLANEOUS	hi my mobile no. is 9990937795
MISCEALLANEOUS	rt : a small ell instead of small i in the address. the s missing after http. fraud mail. 
MISCEALLANEOUS	rt : a small ell instead of small i in the address. the s missing after http. fraud mail. 
MISCEALLANEOUS	a small ell instead of small i in the address. the s missing after http. fraud mail. 
MISCEALLANEOUS	i.dont know what to do.
REQUEST	rt : got a call from 7033158344 for renewing my atm card.. which one of u ws tht??
REQUEST	got a call from 7033158344 for renewing my atm card.. which one of u ws tht?? or just phishing
REQUEST	please look into the issue. 
REQUEST	YOU NEED TO CLARIFY THE DOUBTS ABOUT ATM CARDS BEING HACKED. DO WE CUSTOMERS HAVE ANYTHING TO WORRY ABOUT? 	dear 
REQUEST	9937710983 call me now
REQUEST	i have messaged you in details about your employee and the trauma which i am going thru..
REQUEST	sir how do i get my arm pic as i have forgotten that!!
REQUEST	air how do i directly talk to your coustomer service care ? with the inputs i am able to talk explain them clearly !pls help
REQUEST	someone is misusing my email id on an icici bank account; how can this be stopped?
REQUEST	no response yet. my payment due date is next week. want this to be resolved by that. can you pls expedite?
REQUEST	@ i got threat call frm icici credcard team numbers01148341839 fr non payment of rs19000/.nameom singh.pls help urgent.
REQUEST	can a blocked debit card be activated?
REQUEST	i got threat call frm icici credit card team numbers01148341839 fr non payment of rs19000/.nameom singh.pls help urgent.
REQUEST	open an atm at ajyodha village pin 713148 wb we have place and commercial electricity &amp; licence armed guard manab 9614591688
REQUEST	please check dm.
REQUEST	please dm me the email id on which communication has been sent
REQUEST	kindly refund the reverse of neft.... it's not my mistake... 
REQUEST	oh man! yes you have. let me know if someone can get in touch with me right now?
REQUEST	executive called me when i was travelling and asked to block my card permanently and was not sure if i'll get my money back?
REQUEST	rt : . please check on 's concern 
REQUEST	. please check on 's concern 
REQUEST	WHEN YOU CONTACT US VIA DM?	but
REQUEST	please contact to my mobile number 9830994485 as soon as possible.
REQUEST	how can i track my credit card application status?
REQUEST	want a call back on my number. check dm for my number. its is urgent.
REQUEST	i have one very important query. could you please help me?
REQUEST	can you please look into this issue? see image below. no response yet. have dm'ed my email id and m 
REQUEST	i want to talk with some authories senior people who has power of decisions making my no. 9322701845
REQUEST	hi when we transfer internal to other icici bank a/c holder then no grid value / password required
REQUEST	9550522399 is contactable number. if serious about my grievance pl contact on the said number
REQUEST	inr 10k got wrongly transferred to sb ac 007401513792 instead of sb ac 007401513793.  for your kind help m9990937795
REQUEST	: shared my details. by when can i expect call back from bank?
REQUEST	i want to deposit some inr in some kind of flexi fd(getting highter rate than savings and flex to withdraw anytim)help plz
REQUEST	can one can open saving a/c at with college id as kyc (address &amp; id proof) revert asap
REQUEST	: please help me on below issue. 
REQUEST	still getting the call on regular basis.. please follow up on priority.
REQUEST	WE REGRET THE INCONVENIENCE CAUSED. PLEASE SHARE YOUR CONTACT DETAILS WITH US. YOU CAN NOW DO SO B	rt : hi
REQUEST	please check dm.
REQUEST	i've sent my contact information. awaiting a call.
REQUEST	i wish to change my registered mobile number for my credit card? what's the process? can you help quickly?
REQUEST	A/C IS WITH CIVIL LINES NAGPUR(MAHARSATRA) BRANCH	and till now no resultall details given to the bank
REQUEST	IT WAS COMPLETELY USELESS	how to cancel icici credit card when i needed it.
REQUEST	till now nobody has contacted me about my t. may i know how much more time it will take?
REQUEST	i hv done a neft frm my a/c this mrng to a sbi a/c still that transaction has nt been done. may i know the reason ?
REQUEST	service  sr436399462 . fruad atm cash withdrawal trans of rs34000. i am in hyd &amp; atm trnsc in mumbai.pls help
REQUEST	SR  4337355803SR  435201969	i need assistance as soon as possible sr 435210712. its been 20 days and no response
REQUEST	why there's no kannada language in ur challan. saw this today in bhattar 
REQUEST	i hope you know i cannot dm untill follows me? but my registered account no is : 231701517958
REQUEST	FOR CUSTOMER CARE	what is more frustrating is that you guys only allow 140 characters as the limit for a message.seggestion
SUGGESTION	look how the clone atm cards of icici bank are duping the serving soldiers 
SUGGESTION	there is a site called switch me .... they help in shifting loans try it
SUGGESTION	bhai its time u close ur account .....
SUGGESTION	rt : availability of challan in kannada must be made mandatory. not on 
SUGGESTION	rt : availability of challan in kannada must be made mandatory. not on 
SUGGESTION	sent a t (with same email address as this) regarding unsolicited calls. please treat it with all seriousness.
SUGGESTION	rt : availability of challan in kannada must be made mandatory. not on 
SUGGESTION	rt : availability of challan in kannada must be made mandatory. not on 
SUGGESTION	rt : availability of challan in kannada must be made mandatory. not on 
SUGGESTION	rt : availability of challan in kannada must be made mandatory. not on 
SUGGESTION	rt : availability of challan in kannada must be made mandatory. not on 
SUGGESTION	wonder why the guys taking pains to build phishing sites can't hire a good english writer (2/2)
SUGGESTION	if you are unable to log into your netbanking account then you should contact your branch they will revive
SUGGESTION	rt : roll the cursor over the link and you will get the real link.
SUGGESTION	rt : roll the cursor over the link and you will get the real link.
SUGGESTION	roll the cursor over the link and you will get the real link.
SUGGESTION	till now no one contract me just see how is your systems is working i have your cc card i want to have internet banking
SUGGESTION	also you need to take pledge to solve bugs on internet banking on top priority rather than keep customers confused