"tweetId","tweet"
"AViPYDMkGInsIYxeOJQb","Wells Fargo scandal prompts Los Angeles to crack down on banks that do business with city #LosAngeles #LA #LAX https://t.co/FaFyGFVKG5"
"AViPYDMkGInsIYxeOJQe","Im getting more calls from @WellsFargo now than when I should have a month ago. The computer can dial out but humans cant."
"AViPYDMkGInsIYxeOJQf","News reports say it could be an air quality issue in Wells Fargo Bldg. #LNK https://t.co/bF79opWiS3"
"AViPYDMkGInsIYxeOJQh","TIXüåühttps://t.co/Gp7akdgKQküåü4Ô∏è‚É£- Saint Pablo #KanyeWest Tour, Wells Fargo Center, 12/13/16 https://t.co/k6EfYl4WYt https://t.co/3fUBakRRB7"
"AViPYDMkGInsIYxeOJQj","@Ask_WellsFargo what?"
"AViPYC5-GInsIYxeOJQU","@Ask_WellsFargo @SouthernXBell üòÇüòÇüòÇüòÇüòÇüòÇüòÇ"
"AViPYC5-GInsIYxeOJQV","#Stockton standing w #standingrock creating more awareness 4 Bank of America and Wells Fargo on notice 2 stop fundi‚Ä¶ https://t.co/c1eBlHWkK4"
"AViPSAhTGInsIYxeOJPw","More equip sent to Wells Fargo Bldg in downtown Lincoln NE #LNK https://t.co/8wfaauq7K8"
"AViPTZZkGInsIYxeOJQC","@WellsFargo 1st u steal, then return some without adequate documentation after 5 yrs. Yet shamefully u don't return the entire amount. Wow!"
"AViPTDrGGInsIYxeOJP9",".@claudia_stauber @saneprogressive #VeganThanksgivingü¶É &amp; #BoycottingGreed too üëäüèº@WellsFargo  @BankofAmerica @Walmart @HomeDepot @XFINITY üö´üì∫"
"AViPTSWWGInsIYxeOJQB","@shawneebadger @WellsFargo where do you plan on banking?"
"AViPRKRuGInsIYxeOJO2","I just checked in at Wells Fargo with #mPLUSPlaces Download today!  https://t.co/oWiEacuEbq"
"AViPS9-dGInsIYxeOJP7","I just checked in at Wells Fargo with #mPLUSPlaces Download today!  https://t.co/FwFg4pZjjB"
"AViPaEoMGInsIYxeOJQ4","In wake of Wells Fargo, U.S. regulator mulls tougher bank sanctions https://t.co/4acn0xHGE0 https://t.co/jy1Md8zQIx"
"AViPaEoMGInsIYxeOJQ6","In wake of Wells Fargo, U.S. regulator mulls tougher bank sanctions https://t.co/pkDTC7vJNZ https://t.co/NO5RL047lH"
"AViPaEx1GInsIYxeOJRB","In wake of Wells Fargo, U.S. regulator mulls tougher bank sanctions https://t.co/8CXU0P5scW https://t.co/DsP4fgwOMJ"
"AViPaEx1GInsIYxeOJRF","In wake of Wells Fargo, U.S. regulator mulls tougher bank sanctions:‚Ä¶ https://t.co/oikIKarqj3 #businessNews‚Ä¶ https://t.co/IfCLaBtjvV"
"AViPbJrtGInsIYxeOJR0",".@theEcoNEST Want to get your #money out of #banks funding #StandingRock?  #WellsFargo #BofA #CitiBank and 14... https://t.co/9QczUsOn4h"
"AViPbJrtGInsIYxeOJR9","In wake of Wells Fargo, U.S. regulator mulls tougher bank sanctions https://t.co/XjeH28bGjl #business #news"
"AViPbJrtGInsIYxeOJR_","In wake of Wells Fargo, U.S. regulator mulls tougher bank sanctions https://t.co/jHltaRmVz0"
"AViPbJrtGInsIYxeOJSE","In wake of Wells Fargo, U.S. regulator mulls tougher bank¬†sanctions https://t.co/IuLNPAHnFQ"
"AViPbJruGInsIYxeOJSG","In wake of Wells Fargo, US regulator mulls tougher bank sanctions https://t.co/KAJJLP0hSH https://t.co/7NnRG5SQfb"
"AViPaEW4GInsIYxeOJQq","In wake of Wells Fargo, U.S. regulator mulls tougher bank sanctions https://t.co/ZqLU0NUpe4"
"AViPaEW4GInsIYxeOJQr","In wake of Wells Fargo, U.S. regulator mulls tougher bank sanctions https://t.co/dy5QUitBSL #biz https://t.co/U7P2Zvvsly"
"AViPaEW4GInsIYxeOJQu","In wake of Wells Fargo, U.S. regulator mulls tougher bank sanctions https://t.co/Uti1eQO5e4 https://t.co/1afPm9iD1K"
"AViPaKyaGInsIYxeOJRw","#Banks &amp; #Wallstreet #fucking people : In wake of Wells Fargo, U.S. regulator mulls tougher bank sanctions https://t.co/7MzsUTvFrN"
"AViPaFcLGInsIYxeOJRi","In wake of Wells Fargo, U.S. regulator mulls tougher bank sanctions https://t.co/BgfWyEM0Oh"
"AViPaFcLGInsIYxeOJRm","In wake of Wells Fargo, U.S. regulator mulls tougher bank sanctions https://t.co/2TTKwD01bb ^Re"
"AViPaFcLGInsIYxeOJRq","In wake of Wells Fargo, U.S. regulator mulls tougher bank sanctions https://t.co/7GbyBUAeRK"
"AViPaFcLGInsIYxeOJRu","Adios @WellsFargo ! After 15+ yrs I closed my accts. Your investments in fossil fuels = #CrimesAgainstHumanity. #NoDapl #WaterIsLife"
"AViPaFOsGInsIYxeOJRW","In wake of Wells Fargo, U.S. regulator mulls tougher bank sanctions https://t.co/zAm2dLj3xO"
"AViPaFOsGInsIYxeOJRY","#trading #forex #binaryoptions In wake of Wells Fargo, U.S. regulator mulls tougher bank sanctions - https://t.co/OqakZG175y"
"AViPaFOsGInsIYxeOJRZ","In wake of Wells Fargo, üá∫üá∏ U.S. regulator mulls tougher bank sanctions https://t.co/SZj0sGPe2v INVESTINGcom"
"AViPaE_0GInsIYxeOJRJ","I just checked in at Wells Fargo with #mPLUSPlaces Download today!  https://t.co/9nf9fOu7Op"
"AViPaE_0GInsIYxeOJRK","In wake of Wells Fargo, U.S. regulator mulls tougher bank sanctions https://t.co/8bwbXwGTnR WASHINGTON (Reuters) - A U.S. banking"
"AViPaKD8GInsIYxeOJRv","@janeosanders @MarkRuffalo ONLY IF the ENTIRE country takes their $$ out of BIG banks such as Wells Fargo's, bank of America,chase. üëçüèªüá∫üá∏üá∫üá∏üá∫üá∏"
"AViPbOQ3GInsIYxeOJSJ","I hate Wells Fargo üôÑ"
"AViRnLtTM5JkN4o-tQeu","Consumer confidence to boost #HolidayShopping this year; @WellsFargo economists predict 3.8% sales growth.‚Ä¶ https://t.co/O2B37wxSvx"
"AViRj3oOM5JkN4o-tQda","üìå.@CNN is responsible for these abuses if #WellsFargo is their sponsor, while financing the #DAPL #nodapl  Video:‚Ä¶ https://t.co/gUeIXcRIEI"
"AViRpNx9M5JkN4o-tQex","Lily Allen Performs at the Wells Fargo Center in Philadelphia - August 2015 https://t.co/tflnE0BmCV #LilyAllen"
"AViRpNx-M5JkN4o-tQey","@scullness @Ask_WellsFargo @WellsFargo well the email says to protect my account but i never saw any weird purchases myself so idk!"
"AViRpNx-M5JkN4o-tQe4","I just checked in at Wells Fargo with #mPLUSPlaces Download today!  https://t.co/sTATshIV7X"
"AViRpNx-M5JkN4o-tQe5","Person on @WellsFargo basically just told me that their mobile banking app shows false balances, and it's not reliable üòÇ"
"AViRpNx-M5JkN4o-tQe9","Ima just have to switch banks @WellsFargo. What kind of company has a unreliable app and then admits to it"
"AViRpNx-M5JkN4o-tQe_","When you trying to deposit your check but the wellsfargo app is down üëéüèΩüò©"
"AViRpNx-M5JkN4o-tQfD","I just checked in at Wells Fargo with #mPLUSPlaces Download today!  https://t.co/iIw5pWiaSJ"
"AViRj2gWM5JkN4o-tQdZ","Here‚Äôs how bank regulators may harden sanctions after Wells Fargo sca... https://t.co/VtQbQ8iLHh via @AdellaPasos https://t.co/6pyTLLsEXI"
"AViRjyzUM5JkN4o-tQdX","@steele_wheels play one every other year like Big 4 set up but on home courts. Wells Fargo bad venue no energy anyway for the games"
"AViRl8-yM5JkN4o-tQeg","Tonight from $9 - @memgrizz at @Sixers  #SeatGeek https://t.co/8NO6iqCgmo"
"AViRqjFdM5JkN4o-tQfO","@Ask_WellsFargo I need to speak to someone NOW. At your home office, corporate, I don't care at this point."
"AViR1FRjQz9XSObiXh6S","already had a serious talk with @WellsFargo  about the amount of money I'm about to throw down on black friday&amp;cyber monday, so no problems!"
"AViR1FoTQz9XSObiXh6T","I just checked in at Wells Fargo with #mPLUSPlaces Download today!  https://t.co/AipquictLE"
"AViR1Gh4Qz9XSObiXh6U","@Ask_WellsFargo I just called. I think I talked to a lady named Linda. She helped me. I paid it off in two payments. It's done. Thanks"
"AViR1wofQz9XSObiXh7R","When you hear @WellsFargo is being investigated for consumer violations... Lol what took them so long?"
"AViPRcLDGInsIYxeOJO4","It's amazing what we can accomplish when we work  together - incredible experience @We_Share_Solar @ycdsb https://t.co/Wxvcf57RMo"
"AViPSYEWGInsIYxeOJP1","U.S. authorities are taking a tougher stance on scandal-ridden Wells Fargo https://t.co/DHrrItWpiH https://t.co/K8afZnZXYT"
"AViPQ8Q4GInsIYxeOJO0","Lincoln FD taking the alarm at Wells Fargo Bldg seriously #LNK https://t.co/Q7qKI5faMN"
"AViPTPZfGInsIYxeOJQA","@MattMEgan5  #WellsFargo #WarrenBuffett #BerkShireHathaway to do #Illegal #Foreclosure #Disabled #Veteran #Home paid off 2007! #Nazis $WFC"
"AViPRpRoGInsIYxeOJO5","@eclecticbrotha just reminded me of the infamous poverty tour, sponsored by Wells Fargo"
"AViPSrBCGInsIYxeOJP5","@Naper_Design Reread my tweet. The MLS did not create fake accounts. I'm asking the MLS to do the right thing and drop Wells Fargo."
"AViPSVjGGInsIYxeOJP0","Who Is Funding the Dakota Access Pipeline? Bank of America, HSBC, UBS, Goldman Sachs, Wells Fargo https://t.co/RuWcOHy5g3 via @democracynow"
"AViPRtpkGInsIYxeOJPu","5)  been running the books on the project,we have Wells Fargo, BNP Paribas, SunTrust, Royal Bank of Scotland, Bank of Tokyo-Mitsubishi,"
"AViPYDMkGInsIYxeOJQd","Natural News announc economic boycott of CNN corporate sponsors including GEICO, WellsFargo, Sprint, Dodge and&amp;orate_sponsors_fake_news.html"
"AViPYDMkGInsIYxeOJQk","@WellsFargo @WellsFargoNews @VICE @VICELAND @vicenews #NoDAPL #StandingwithStandingRock https://t.co/n37Jfiy7Fr"
"AViPaFcLGInsIYxeOJRg","In wake of Wells Fargo, U.S. regulator mulls tougher bank sanctions https://t.co/YYawBjkf1i"
"AViPaFcLGInsIYxeOJRh","In wake of Wells Fargo, U.S. regulator mulls tougher bank sanctions https://t.co/mag8ljjqZs"
"AViPaFcLGInsIYxeOJRj","#Setting4Success In wake of Wells Fargo, U.S. regulator mulls tougher bank sanctions #News #smallbusiness #entrepreneur"
"AViPaFcLGInsIYxeOJRk","In wake of Wells Fargo, U.S. regulator mulls tougher bank sanctions https://t.co/vPOV4W8bMc"
"AViPaFcLGInsIYxeOJRl","In wake of Wells Fargo, U.S. regulator mulls tougher bank sanctions https://t.co/P4cOy5lWzl #Forex #News #BreakingNews"
"AViPaFcLGInsIYxeOJRr","Wells Fargo's 'golden parachutes' shackled - Tribune-Review https://t.co/0ygdGYJubl"
"AViPaFcLGInsIYxeOJRt","In wake of Wells Fargo, U.S. regulator mulls tougher bank sanctions #stocks #fx https://t.co/ZaUJwoonXq"
"AViPaEoMGInsIYxeOJQ_","#stock In wake of Wells Fargo, U.S. regulator mulls tougher bank sanctions: WASHINGTON, Nov 22 (Reuters) - A U.S.‚Ä¶ https://t.co/OGauvUftp7"
"AViPaEoMGInsIYxeOJRA","In wake of Wells Fargo, U.S. regulator mulls tougher bank sanctions https://t.co/edJudOnVxL https://t.co/MyJL0YJg4D"
"AViPaEx1GInsIYxeOJRE","In wake of Wells Fargo, U.S. regulator mulls tougher bank sanctions https://t.co/EIpQw0ZQ14 https://t.co/aiAiernUNB"
"AViPaEx1GInsIYxeOJRG","In wake of Wells Fargo, U.S. regulator mulls tougher bank sanctions https://t.co/q58gR7rQno https://t.co/dY4d4Liqvn"
"AViPaFOsGInsIYxeOJRe","In wake of Wells Fargo, U.S. regulator mulls tougher bank sanctions https://t.co/ukWTVhVqyv #news #USA #world https://t.co/5QN89jTUfG"
"AViPbJrtGInsIYxeOJR2","#news #In wake of Wells Fargo, U.S. regulator mulls tougher bank sanctions #business #fdlx"
"AViPbJrtGInsIYxeOJR8","Business: In wake of Wells Fargo, US regulator mulls tougher bank sanctions - Reuters https://t.co/apEQZeKZlX"
"AViPbJrtGInsIYxeOJSB","In wake of Wells Fargo, U.S. regulator mulls tougher bank sanctions https://t.co/Wf9dhFklkk"
"AViPaEW4GInsIYxeOJQn","In wake of Wells Fargo, U.S. regulator mulls tougher bank sanctions: WASHINGTON (Reuters) - A U.S.‚Ä¶ https://t.co/2rD3qYLdlK #businessNews"
"AViPU7lHGInsIYxeOJQP","@Kerstin2199 yes it is!! There comin to Wells Fargo in march if ya didn't know üòç"
"AViPaE_0GInsIYxeOJRN","#Business | In wake of Wells Fargo, U.S. regulator mulls tougher bank sanctions #RTGFinance"
"AViPTv-SGInsIYxeOJQG","You look like Wells Fargo"
"AViRpNx9M5JkN4o-tQew","If you're looking for a heartless company to screw you over please go to your nearest @WellsFargo. we'll freeze this winter. Thanks."
"AViRpNx-M5JkN4o-tQe0","Wells Fargo analyst Tim Evans downgraded PAREXEL $PRXL to ‚Äúmarket perform‚Äù from ‚Äúoutperform‚Äù,"
"AViRpNx-M5JkN4o-tQe2","@_omgigi_ @Ask_WellsFargo @WellsFargo yeah i got me new one last week but my old one did too"
"AViRpNx-M5JkN4o-tQe6","#GrabYourWallet https://t.co/zODW3Orfsj"
"AViRjSWuGInsIYxeOJTc","Bigtime from our boy @ZacMacMath #HeATerp https://t.co/6XP8GK3Sla"
"AViRnGK6M5JkN4o-tQen","Wells Fargo scandal prompts Los Angeles to crack down on banks....find out more here https://t.co/Iv94pLHmMg"
"AViRnGK6M5JkN4o-tQeo","Want to work at Wells Fargo? We're #hiring in #FlowerMound, TX! Click for details: https://t.co/GB4OHrSbFg #Job #Banking #Veterans #Jobs"
"AViRnGK6M5JkN4o-tQep","@WellsFargo @BankofAmerica are equally üöÆChase is the best bank by a long shot."
"AViRqnxaM5JkN4o-tQfP","Love having @WellsFargo team members from far away visit us. #awesometeam @wilderabbit @mpalominoWF @GabyLambertusWF https://t.co/4iJI4pDiLX"
"AViRllvDM5JkN4o-tQea","Wells Fargo Multi-Sector Income Fund Announces Tender Offer and Managed Distribution Plan https://t.co/CLMs5K7vG5 https://t.co/9XrsCGc43x"
"AViRlr4PM5JkN4o-tQec","@WellsFargo won't close 11/28. ""End of next week at the earliest"" they locked for 60 days because they knew they need 60 days. #WellsFargo"
"AViRj534M5JkN4o-tQdb","#ImThankfulFor @WellsFargo routing my paycheck a day early!"
"AViR05uEQz9XSObiXh6P","I just checked in at Wells Fargo with #mPLUSPlaces Download today!  https://t.co/VHotFGit5g"
"AViRjWcyGInsIYxeOJTd","I just checked in at Wells Fargo with #mPLUSPlaces Download today!  https://t.co/tsw7YEdY8u"
"AViR1LNRQz9XSObiXh6Y","@Ask_WellsFargo what's the easiest way to get all my money out of your terrible bank? Not gonna fund poisoning a water supply"
"AViR1yPTQz9XSObiXh7S","Wells Fargo &amp; Co. has upgraded the stock of Parexel International Corp. (NASDAQ:PRXL) https://t.co/AUZQ8V8OEs $PRXL"
"AViR2Z1YQz9XSObiXh7X","Wells Fargo's internal investigation will last until spring (Video) https://t.co/NRcIEbo5V8 #Orlando"
"AViPYDMkGInsIYxeOJQZ","@ivan20992 you have bank of america wey? Cause I work at the mchenry one, I dont think with wells fargo you can."
"AViPYDMkGInsIYxeOJQa","@WellsFargo @WellsFargoNews This is because of your $467million investment into the DAPLof #NoDAPL @VICE @vicenews‚Ä¶ https://t.co/m9iWuyM5lg"
"AViPYDMkGInsIYxeOJQi","tryna flex like gucci with $30 bucks in my Wells Fargo account"
"AViPSljMGInsIYxeOJP2","@Naper_Design Reread my tweet. The MLS did not create fake accounts. I'm asking the MLS to do the right thing and drip Wells Fargo."
"AViPRL8ZGInsIYxeOJO3","I just checked in at Wells Fargo with #mPLUSPlaces Download today!  https://t.co/27AxkXQkEt"
"AViPTB3FGInsIYxeOJP8","Boa, Wells Fargo , chase, suntrust bank hit my dm's"
"AViPTu2XGInsIYxeOJQF","Wells Fargo got me fucked tf up rn"
"AViPSoU3GInsIYxeOJP4","I just checked in at Wells Fargo with #mPLUSPlaces Download today!  https://t.co/Hq7kG6Yfgc"
"AViPR2OTGInsIYxeOJPv","Does anyone knows if Wells Fargo is closed on Friday?"
"AViPbJrtGInsIYxeOJRy","Sissy in Action!!! @ Wells Fargo, McKinley Hill, Taguig City https://t.co/dahqsoNUXD"
"AViPbJrtGInsIYxeOJRz","WORLD | In wake of Wells Fargo, U.S. regulator mulls tougher bank sanctions | Read: https://t.co/4U9857u2CO via Yahoo!¬© News"
"AViPbJrtGInsIYxeOJR4","In wake of Wells Fargo, U.S. regulator mulls tougher bank sanctions https://t.co/DAkQkqnEYX"
"AViPbJrtGInsIYxeOJR6","In wake of Wells Fargo, U.S. regulator mulls tougher bank sanctions https://t.co/npXlVwYGKd #pymes #business #negocios"
"AViPbJrtGInsIYxeOJR7","In wake of Wells Fargo, U.S. regulator mulls tougher bank sanctions https://t.co/eLRK3fQclY"
"AViPbJruGInsIYxeOJSH","In wake of Wells Fargo, US regulator mulls tougher bank sanctions https://t.co/wE6fD2ot4C https://t.co/pEfMSfgyoy"
"AViPaEoMGInsIYxeOJQw","In wake of Wells Fargo, U.S. regulator mulls tougher bank sanctions https://t.co/O049KCc0op"
"AViPaEoMGInsIYxeOJQx","In wake of Wells Fargo, U.S. regulator mulls tougher bank sanctions https://t.co/Spr0dc950G https://t.co/2VSX1yO5hT"
"AViPaEoMGInsIYxeOJQ1","In wake of Wells Fargo, U.S. regulator mulls tougher bank sanctions https://t.co/ScH5p5U5b1 https://t.co/302RCtkVEw"
"AViPaEoMGInsIYxeOJQ5","In wake of Wells Fargo, U.S. regulator mulls tougher bank sanctions https://t.co/W0MsAOmzb8 twt247 https://t.co/H55CCc7vC0"
"AViPaEx1GInsIYxeOJRH","In wake of Wells Fargo, U.S. regulator mulls tougher bank sanctions https://t.co/bBbGV2mrOa #businessNews (Reuters) https://t.co/DpCyJ3El70"
"AViRlMTkM5JkN4o-tQeX","Three Closed-End Funds Advised by Wells Fargo Funds Management Extend Share Repurchase Programs‚Ä¶ https://t.co/g4NJGdoUWd"
"AViPaFOsGInsIYxeOJRX","In wake of Wells Fargo, U.S. regulator mulls tougher bank sanctions https://t.co/n3EhxOHUiO"
"AViPaFOsGInsIYxeOJRa","In wake of Wells Fargo, U.S. regulator mulls tougher bank sanctions https://t.co/zGhjl7ANXj #news #reuters"
"AViPaFOsGInsIYxeOJRb","In wake of Wells Fargo, U.S. regulator mulls tougher bank sanctions https://t.co/kzSBt9FPbJ"
"AViPaFOsGInsIYxeOJRc","'Wells Fargo: A Year in the Life': Kelly Bishop Talks Tackling Emily's Grief #fakeheadlinebot #learntocode #makeatwitterbot #javascript"
"AViPaFOsGInsIYxeOJRf","In wake of Wells Fargo, U.S. regulator mulls tougher bank sanctions https://t.co/YEYqbmfBrR"
"AViPaE_0GInsIYxeOJRI","I just checked in at Wells Fargo with #mPLUSPlaces Download today!  https://t.co/9nf9fOcwWR"
"AViPaE_0GInsIYxeOJRL","In wake of $WFC, U.S. regulator mulls tougher bank sanctions - One America News Network- $C $BAC $XLF  https://t.co/XyDvS2zTCR"
"AViPaE_0GInsIYxeOJRT","Repuestos Usados y Nuevos: https://t.co/jdDkJPnGZT #RepuestosUsados In wake of Wells Fargo, US regulator mulls ... https://t.co/z4scSvprQk"
"AViRlGXJM5JkN4o-tQeW","The way @nytimes can save face is to list the bogus @WellsFargo accounts as subscribers. #NYTbettername Bogus Times"
"AViRly9HM5JkN4o-tQee","#news Three Closed-End Funds Advised by Wells Fargo Funds Management Extend Share Repurchase Programs https://t.co/QHwjrdF162 #economy"
"AViPaEW4GInsIYxeOJQt","#Forex: In wake of Wells Fargo, U.S. regulator mulls tougher bank sanctions https://t.co/mak5gPvtVU https://t.co/KYxtIYOlN5"
"AViRlTy2M5JkN4o-tQeZ","I just checked in at Wells Fargo with #mPLUSPlaces Download today!  https://t.co/uBSST1wWaU"
"AViR0wreQz9XSObiXh6O",".@WellsFargo #Thanksgiving #NoDAPL #BankExit #StandWithStandingRock https://t.co/a9vWGUhMur"
"AViRpNx-M5JkN4o-tQez","Dozens of Wells Fargo Employees Filed Whistleblower Complaints with Feds, New Data Shows https://t.co/lHqeFAlFyq via @nbcbayarea"
"AViRpNx-M5JkN4o-tQe7","Who Is Funding the Dakota Access Pipeline? Bank of America, HSBC, UBS, Goldman Sachs, Wells Fargo https://t.co/hHD3QyI172"
"AViRpNx-M5JkN4o-tQfA","Your positions in Wells Fargo is huge (choo choo WFC can't do no wrong as a 'conservative' company). WFC's new accounts are dropping"
"AViR1V7CQz9XSObiXh7M","@Ask_WellsFargo DMed you info!"
"AViR06BbQz9XSObiXh6Q","Thanks to @KNOPTV for telling this story about the ""Tree of Love"" at our @WellsFargo branch in NorthPlatte! üéÑ‚ù§Ô∏è https://t.co/O0cS4rNgra"
"AViRpOKVM5JkN4o-tQfE","üí≤INVERSIONES JP CUCUTA üí± ‚û°COMPRANDO BANESCO PANAMA PAGANDO A BUEN PRECIO ‚û°COMPRANDO WELLS FARGO Y BANK OF AM√âRICA... https://t.co/iuI66Ew11R"
"AViR07C3Qz9XSObiXh6R","Boaz R. Weinstein just provided an update on activist position in Wells Fargo Advantage Multi-S https://t.co/8Bs7BaQvx1 $ERC"
"AViRqaz3M5JkN4o-tQfL","I just checked in at Wells Fargo with #mPLUSPlaces Download today!  https://t.co/mGZDiVW8sE"
"AViRmPlIM5JkN4o-tQej","Wells Fargo billboard on 40biz east says they support 69 local charities. Really? Couldn't they have found 1 more charity to help?"
"AViR1SP0Qz9XSObiXh7A","""esp4 complimentary 'business lines*' ""- Ashley Adams,WellsFargo-'Zenger Folkman'."
"AViR1qibQz9XSObiXh7Q","Love to see it happen. Want Wells Fargo out of business completely, Directors and CEO prosecuted for fraud. http://cnnmon."
"AViR2CsuQz9XSObiXh7T","A @WellsFargo volunteer helping @TheLAMission making it a happy #SkidRowThanksgiving https://t.co/zYeGnR6Naz"
"AViR2g7qQz9XSObiXh7Z","Wells Fargo's internal investigation will last until spring (Video): An internal probe into Wells Fargo's‚Ä¶ https://t.co/u81S9N1UVr"
"AViR2s4kQz9XSObiXh7c","Dozens of Wells Fargo employees filed whistleblower complaints that co. retaliated vs. them for raising red flags. https://t.co/W6WIEgI9Ba"
"AViPUBFHGInsIYxeOJQI","Wells Fargo goes robo https://t.co/B7WG8h127p #Finance #Tech https://t.co/pBpMftbehP"
"AViPSnGRGInsIYxeOJP3","Wells Fargo scandal prompts Los Angeles to crack down on banks that do business with city https://t.co/z4gnXldPkK"
"AViPSRHoGInsIYxeOJPz","@mattclementsjr @WellsFargo @MLS the company that set up thousands of fake accounts to do the right thing?"
"AViPTO31GInsIYxeOJP_","Wells Fargo scandal prompts Los Angeles to crack down on banks that do business with city https://t.co/53oiXqDyYe"
"AViPSzM-GInsIYxeOJP6","@wellsfargo why the hell am i always missing money from my account? Wtf! This is getting exhausting."
"AViPTqSGGInsIYxeOJQD","Wells Fargo got me fucked tf u"
"AViPUXfkGInsIYxeOJQJ","Can anyone tell me where the artist's busses will be parked at the Wells Fargo Center in Philly?"
"AViPT-WyGInsIYxeOJQH","Looks like @wellsfargo is giving away $10 bucks if you use #ApplePay #AndroidPay #SamsungPay and one other. #DEALALERT #Deal"
"AViPaE_0GInsIYxeOJRM","In wake of Wells Fargo, U.S. regulator mulls tougher bank sanctions https://t.co/B4jQTpmNZx"
"AViPaE_0GInsIYxeOJRO","In wake of Wells Fargo, U.S. regulator mulls tougher bank sanctions https://t.co/WqqQyWZLFf RT"
"AViPaE_0GInsIYxeOJRP","@WellsFargo @WellsFargoNews @VICELAND @VICE @vicenews It's really bad in NorthDakota right now. There's a mainstrea‚Ä¶ https://t.co/6AhA6Q2swy"
"AViPaE_0GInsIYxeOJRQ","In wake of Wells Fargo, U.S. regulator mulls tougher bank sanctions https://t.co/7Dzj9ScKlh #ShoutNews"
"AViPaE_0GInsIYxeOJRS","In wake of Wells Fargo, U.S. regulator mulls tougher bank sanctions https://t.co/drNjUjWvwy"
"AViPYC5-GInsIYxeOJQR","y'all charged my car payment twice fam. we had a great relationship. smh. https://t.co/A7yT20nY21"
"AViPYC5-GInsIYxeOJQS","@ ptx pls pls pls come to Iowa next tour we have Wells Fargo Arena and it's so big just for u pls pls pls god"
"AViPYC5-GInsIYxeOJQT","@TiannaBrenee Wells Fargo store hours and locations can be found at https://t.co/5ogqjQoRYq call a banker at 1-800-869-3557 for help. ^SN"
"AViPYC5-GInsIYxeOJQW","LFD moved the 2-dozen workers away from Wells Fargo. #LNK https://t.co/d00subtDDZ"
"AViPYC5-GInsIYxeOJQX","@WellsFargo so yall niggas gonna sit there &amp; put overdrafts in my account the whole time i've had money for each transaction?"
"AViPYC5-GInsIYxeOJQY","wells fargo is ass"
"AViPaEoMGInsIYxeOJQy","In wake of Wells Fargo, U.S. regulator mulls tougher bank sanctions https://t.co/XFlnEYarGG #twt247 https://t.co/NlTmd8x23z"
"AViPaEoMGInsIYxeOJQz","In wake of Wells Fargo, U.S. regulator mulls tougher bank sanctions https://t.co/aLbqE01JL6 #businessNews"
"AViPaEoMGInsIYxeOJQ2","In wake of Wells Fargo, U.S. regulator mulls tougher bank sanctions https://t.co/CzcNkSqW3X https://t.co/ngBKw193Cd"
"AViPaEoMGInsIYxeOJQ3","In wake of Wells Fargo, U.S. regulator mulls tougher bank sanctions https://t.co/En75U5wHt7 Business News https://t.co/WJvOZzODXA"
"AViPaEoMGInsIYxeOJQ9","In wake of Wells Fargo, U.S. regulator mulls tougher bank sanctions https://t.co/fHImRuAzr2 https://t.co/NCinZZirmH"
"AViPaEoMGInsIYxeOJQ-","In wake of Wells Fargo, U.S. regulator mulls tougher bank sanctions https://t.co/NG1QBt46Rz https://t.co/NwfDD24NRw"
"AViPbJrtGInsIYxeOJR1","""In wake of Wells Fargo, U.S. regulator mulls tougher bank sanctions"" https://t.co/e0ecQJSEHY"
"AViPbJrtGInsIYxeOJR3","In wake of Wells Fargo, U.S. regulator mulls tougher bank sanctions https://t.co/m74khIaKj3 https://t.co/rSP2DNkQex"
"AViPbJrtGInsIYxeOJR-","""In wake of Wells Fargo, U.S. regulator mulls tougher bank sanctions"" https://t.co/gX7fD1GwwC"
"AViPbJrtGInsIYxeOJSC","In wake of Wells Fargo, U.S. regulator mulls tougher bank sanctions https://t.co/aExG1dmiu2 #business #bloomberg"
"AViPbJruGInsIYxeOJSF","In wake of Wells Fargo, U.S. regulator mulls tougher bank sanctions https://t.co/xUY5teQSlQ"
"AViPaFcLGInsIYxeOJRn","In wake of Wells Fargo, U.S. regulator mulls tougher bank sanctions https://t.co/1M5gKtgMfR #business #reuters https://t.co/fiAPeHkOHX"
"AViPaFcLGInsIYxeOJRp","In wake of Wells Fargo, U.S. regulator mulls tougher bank sanctions https://t.co/hReNCKkyfW"
"AViPaFcLGInsIYxeOJRs","In wake of Wells Fargo, US regulator mulls tougher bank sanctions - Reuters"
"AViPaFOsGInsIYxeOJRU","In wake of Wells Fargo, U.S. regulator mulls tougher bank sanctions https://t.co/VQbCpl38MI"
"AViPaFOsGInsIYxeOJRV","In wake of Wells Fargo, U.S. regulator mulls tougher bank sanctions https://t.co/yUTBQ9G5xm https://t.co/zdHz1dGmRU"
"AViPYDMkGInsIYxeOJQg","$NAT: Analyst action by Wells Fargo on Nordic American Tankers Limited Common Stock: https://t.co/pXeginwCmm https://t.co/1oBeOdPC3q"
"AViPaEW4GInsIYxeOJQo","Wells Fargo‚Äôs ‚Äògolden parachutes‚Äô shackled: NEW YORK ‚Äî Federal regulators are moving to make it more difficult for‚Ä¶ https://t.co/1q5oSZ6IfC"
"AViPbLb8GInsIYxeOJSI","In wake of Wells Fargo, U.S. regulator mulls tougher bank sanctions"
"AViRjXO6GInsIYxeOJTe","Join us today at 1:30 pm! Meet former NHL star Dave Christian + enjoy free cocoa, Stagecoach rides &amp; more!‚Ä¶ https://t.co/jucpOW1mQh"
"AViRjxgZM5JkN4o-tQdW","RT @business: Wells Fargo could do with some pruning https://t.co/ZYpgfS8JJX via @Bfly https://t.co/4fT7TLaDIL"
"AViRmTSlM5JkN4o-tQek","$EAD #Wells Fargo Income Opportunities Fund Three Closed-End Funds Advised by We... https://t.co/A3ykbRGSaw #news https://t.co/p96rQIkst5"
"AViRmW9KM5JkN4o-tQel","Want to work at Wells Fargo? We're #hiring in #FortMill, SC! Click for details: https://t.co/RtgtV0L1CX #Job #ProjectMgmt #Veterans #Jobs"
"AViRkeVIM5JkN4o-tQdd","@BankofAmerica So u clowns switch my EBanking acct w/o my knowledge &amp; bill me fees for 3 mos? Are u looking for a lawsuit like @WellsFargo ?"
"AViRl9TqM5JkN4o-tQeh","@WellsFargo absolutely the worst ever. DO NOT EVER USE #WellsFargo FOR MORTGAGE. NO END IN SIGHT FOR MY HOMELESS CLIENT."
"AViRlCBrM5JkN4o-tQeU","Supporting #smallbiz &amp; big dreams, @WellsFargo distributes $11.2 mill to #CDFIs to help #diverse #entrepreneurs https://t.co/Dyw1pf6j2g!"
"AViPeN8mGInsIYxeOJSK","In wake of Wells Fargo, U.S. regulator mulls tougher bank sanctions https://t.co/EqydkGuf29"
"AViRjd7kGInsIYxeOJTf","I just checked in at Wells Fargo with #mPLUSPlaces Download today!  https://t.co/neeROt4fCG"
"AViR1K0uQz9XSObiXh6X","#OCC memo indicates agency may not waive sanctions in the future. https://t.co/xPgHpyh7FX"
"AViRqawoM5JkN4o-tQfF","VEDC Receives $2.5 Million from Wells Fargo to Support Diverse Small Businesses | Business Wire https://t.co/pq4NncRjuH"
"AViRqawoM5JkN4o-tQfG","Dozens of Wells Fargo employees filed whistleblower complaints new data shows: https://t.co/kKeOs9V5wC via @nbcbayarea"
"AViRqawoM5JkN4o-tQfH","I just checked in at Wells Fargo with #mPLUSPlaces Download today!  https://t.co/ivG5ZxcOln"
"AViRqawoM5JkN4o-tQfJ","Wells Fargo is hard at work trying to rebuild its reputation. Insight from @CNBC https://t.co/H4BLsmtnFP https://t.co/xTmrfn2hkL"
"AViRqawoM5JkN4o-tQfK","In wake of wells fargo us regulator mulls tougher #bank sanctions #news #market #business"
"AViRqeE8M5JkN4o-tQfN","@WellsFargo I've been dying to find a new bank, but this is the push I need. Thanks, happy holidays üòå #NoDAPL https://t.co/4mE40zyu8l"
"AViRpNx-M5JkN4o-tQe1","@scullness @Ask_WellsFargo @WellsFargo i honestly think they're just forcing me into the chip life! does your card have a chip rn or no"
"AViRpNx-M5JkN4o-tQe8","I just checked in at Wells Fargo with #mPLUSPlaces Download today!  https://t.co/B1Eix3ZEEK"
"AViRpNx-M5JkN4o-tQe-","I just checked in at Wells Fargo with #mPLUSPlaces Download today!  https://t.co/J2PA8b7pi9"
"AViRpNx-M5JkN4o-tQfC","@Ask_WellsFargo Already did a claim ."
"AViR2Xs8Qz9XSObiXh7W","Join the Wells Fargo team! See our latest #job opening here: https://t.co/jYY2UJoa16 #Philadelphia, PA #Veterans #Hiring #CareerArc"
"AViRnHGmM5JkN4o-tQer","@wellsfargo Congrats! You are ranked #28 brand https://t.co/q0hmk24Zxz on this week's The Eventopedia Brands Power 80."
"AViR2Sk6Qz9XSObiXh7U","@Ask_WellsFargo I don't think the app has ever taken the picture of the back of the check. Always times out and forces manual shot."
"AViRnGoBM5JkN4o-tQeq","Wells Fargo billboard on 40biz west says they support 69 local charities. Really? Couldn't they have found 1 more charity to help?"
"AViRmaRRM5JkN4o-tQem","The 4.8 percent jump in durable goods orders in October was largely driven by a surge in aircraft orders, Wells Fargo economists said."
"AViR2iBoQz9XSObiXh7a","Want to work at Wells Fargo? We're #hiring in #Melville, NY! Click for details: https://t.co/xA1GGPZ1L2 #Job #Veterans #Jobs #CareerArc"
"AViR3FQqQz9XSObiXh7f","I just checked in at Wells Fargo with #mPLUSPlaces Download today!  https://t.co/TSU4FESG7A"
"AViPSQJbGInsIYxeOJPy","Inside Wells Fargo, workers say the mood is grim Wells Fargo workers tell CNNMoney they are angry at the bank f https://t.co/X51kihzJw6"
"AViPUmG2GInsIYxeOJQL","@Ask_WellsFargo that's it... I'm calling my lawyer"
"AViPRDTrGInsIYxeOJO1","1) Bank of America, HSBC, UBS, Goldman Sachs, Wells Fargo https://t.co/FTibE1BrXz has extended a $175 million credit line to Energy Transfer"
"AViPTrgQGInsIYxeOJQE","I just checked in at Wells Fargo with #mPLUSPlaces Download today!  https://t.co/UOR9gUL6Vx"
"AViPTEwwGInsIYxeOJP-","I just checked in at Wells Fargo with #mPLUSPlaces Download today!  https://t.co/DnYnGHoik3"
"AViPaEoMGInsIYxeOJQ0","In wake of Wells Fargo, U.S. regulator mulls tougher bank sanctions https://t.co/uVAUsMolpG https://t.co/r1zngrbuw4"
"AViPaEoMGInsIYxeOJQ7","In wake of Wells Fargo, U.S. regulator mulls tougher bank sanctions https://t.co/ydG75TvL3I"
"AViPaEoMGInsIYxeOJQ8","#FOREX BUSINESS In wake of Wells Fargo, U.S. regulator mulls tougher bank sanctions https://t.co/WWw3ApxHjF"
"AViPaEx1GInsIYxeOJRC","#In #wake #of #Wells #Fargo, #U.S. #regulator #mulls #tougher #bank #sanctions https://t.co/G2mGxtme8P https://t.co/BJJtCQLJJQ"
"AViPaEx1GInsIYxeOJRD","In wake of Wells Fargo, U.S. regulator mulls tougher bank sanctions https://t.co/7UcohZeMF2 https://t.co/445ENJoH6k"
"AViPaEW4GInsIYxeOJQm","In wake of Wells Fargo, U.S. regulator mulls tougher bank sanctions https://t.co/7m9FCLXftt"
"AViPaEW4GInsIYxeOJQp","In wake of Wells Fargo, U.S. regulator mulls tougher bank sanctions https://t.co/UkcL45cB56 https://t.co/R2Ytmmx08p"
"AViPaEW4GInsIYxeOJQs","In wake of Wells Fargo, U.S. regulator mulls tougher bank sanctions https://t.co/seMRCiC9e0 https://t.co/iIJUGPciCW"
"AViPaEW4GInsIYxeOJQv","In wake of Wells Fargo, U.S. regulator mulls tougher bank sanctions https://t.co/shITYkN1Az https://t.co/BdBDMQluEb"
"AViPbJrtGInsIYxeOJRx","In wake of Wells Fargo, U.S. regulator mulls tougher bank sanctions https://t.co/C0k2JucNRL"
"AViPbJrtGInsIYxeOJR5","In wake of Wells Fargo, U.S. regulator mulls tougher bank sanctions https://t.co/KyNPnZOEPh https://t.co/WWu1Y9dYVP"
"AViPbJrtGInsIYxeOJSA","In wake of Wells Fargo, US regulator mulls tougher bank sanctions https://t.co/ihVvb8gMtO https://t.co/BnX2YXhrYB"
"AViPbJrtGInsIYxeOJSD","In wake of Wells Fargo, U.S. regulator mulls tougher bank sanctions https://t.co/5OnJ7BBwaC"
"AViPaFcLGInsIYxeOJRo","In wake of Wells Fargo, U.S. regulator mulls tougher bank sanctions https://t.co/m74khIaKj3 #DeenSanwoola https://t.co/ykoqt9vvZT"
"AViPaE_0GInsIYxeOJRR","In wake of Wells Fargo, U.S. regulator mulls tougher bank sanctions https://t.co/8nWrHr7Ryo brandnaware https://t.co/QC0uGZKKJf"
"AViPaFOsGInsIYxeOJRd","In wake of Wells Fargo, U.S. regulator mulls tougher bank sanctions https://t.co/BNF4y0zYCm #business #pymes #smal‚Ä¶ https://t.co/ckUM5W4HB9"
"AViPYDMkGInsIYxeOJQc","Retweeted Los Angeles Times (@latimes): Wells Fargo scandal prompts Los Angeles to crack down on banks that do... https://t.co/sWWqdgRjbw"
"AViPeN8mGInsIYxeOJSL","In wake of Wells Fargo, U.S. regulator mulls tougher bank sanctions https://t.co/8zmNTICxBV #Company #MnA"
"AViPUqocGInsIYxeOJQM","Los Angeles Times: Wells Fargo scandal prompts Los Angeles to crack down on banks that do business‚Ä¶ https://t.co/XOnZsA7nnr #NewsInTweets"
"AViRpNx-M5JkN4o-tQe3","Will more stringent federal regulatory requirements halt Wells Fargo's post-election climb? https://t.co/q0DiU1wKRN‚Ä¶ https://t.co/dacMgtgQIp"
"AViRpNx-M5JkN4o-tQfB","Wells Fargo's Andrew M. Bertamini to be Recognized with a Joe Manns Black Wall Street Award at Bmorenews' 14th - ... https://t.co/9fBoQLJfL4"
"AViR22qTQz9XSObiXh7d","Fascinating story continues... https://t.co/tYhkggVo2k"
"AViRlmjrM5JkN4o-tQeb","Three Closed-End Funds Advised by Wells Fargo Funds Management Extend Share Repurchase Programs‚Ä¶ https://t.co/lwIo54SlO4"
"AViRlMd7M5JkN4o-tQeY","Three Closed-End Funds Advised by Wells Fargo Funds Management Extend Share Repurchase Programs‚Ä¶ https://t.co/VIdn38gdFt"
"AViRkJoAM5JkN4o-tQdc","@_omgigi_ @Ask_WellsFargo @WellsFargo happened to me too, did they get hacked or something?"
"AViRqawoM5JkN4o-tQfI","I just checked in at Wells Fargo with #mPLUSPlaces Download today!  https://t.co/j8OaFp81i1"
"AViRqaz3M5JkN4o-tQfM","Wells Fargo‚Äôs Andrew M. Bertamini to be Recognized with a Joe Manns Black Wall Street Award at Bmorenews‚Äô 14th https://t.co/9VS2PJiXtw"
"AViR2aHiQz9XSObiXh7Y","Wells Fargo accused of commencing foreclosure without a mortgage https://t.co/pNhZLkQmf1 via @"
"AViR1ZK1Qz9XSObiXh7O","I just checked in at Wells Fargo with #mPLUSPlaces Download today!  https://t.co/pcmbi0UfyE"
"AViR1W76Qz9XSObiXh7N","Wells Fargo's internal investigation will last until spring (Video) https://t.co/7Xvme0rjbM"
