Expected Cat, Pred Cat, Content
COMPLAINT,-999976579,waste of taking credit card with hdfc
COMPLAINT,-217993048,got so many repeated calls from hdfc bank regarding credit card when i applied; verification completed and waiting for the card i got to see a disapproved status from your sitethings i am annoyed with i did not get any sms  call  email regarding the disapproval of credit card the reason for disapproval is not at all given (wondering why did they disapprove) time spent in this process is completely waste (stop giving repeated calls)i need to know why application has been disapproved worstbankever respectyourcustomer
COMPLAINT,-232787078,worst customer service called ten times but my call was hung upevery time horrible service they over charge on your bills jass 
COMPLAINT,-1345842039,cheaters
COMPLAINT,-232787078,rehbl= look into it asap and tell me why u stupids have deducted around  rupees for no reason from my account  an example of worst customer service i have ever seen pm me for further details
COMPLAINT,1033909796,i think hdfc is not interested in doing business and sell credit cards
COMPLAINT,1070293929,amir_hot@yahooca urgently need my money otherwise will move to consimer court will all documents
COMPLAINT,-232787078,worst customer service i had ever seen in my life never ever take loan or any dealings today i went to close my loan and the staff in branch cochin banarjee road are like enemies they are seeing the customers by the grace of god now i dont have any dealings with this killing bank service charge and closure charges
COMPLAINT,-108691761,plzzz consider your customers like human beings only the mistake hdfc customers did is took finance
COMPLAINT,-418032522,why this bank doesnt consider the time of customers almost  customers waiting and only one counter is open in cochin banarjee road branch
COMPLAINT,-946683741,unorganized and unable to handle overseas account professionally and above all with new age technology they are still stuck with fillingposting form physically for every little thing where other banks have moved out of this old age methods
COMPLAINT,-844445729,mera name dhiraj gupta  rs ke notes ki bhooth problem hai plz arrange karwaiye branch mai nahi milthye branch masoodpur mai pata kiya waha aa hi nahi rahye hai bhoot time se old ya new kaisa bhi nahi aa raha hai ji plz aap arrangement karwaiye old ya new kuch bhi or masoodpur branch mai bhijwaiye regards dhiraj gupta
COMPLAINT,-232787078,please refer to this subject line (hbl= regarding deficiency in service and harassment) on june th  i mailed my grievance at support@hdfcbankcom which has not yet been resolved by you it is a disgrace to the claim of best customer service provider
COMPLAINT,-232787078,i am ur payzapp customer last thursday i paid on bigbasket but didnt receive cashback of rs  registered mobile number 
COMPLAINT,-232787078,dear team u would like to give feedback about your hdfc bank am have  hdfc bank account in faridabad january onward hdfc bank deduct  rs per months for maintenance charge and am mail hdfc customer support mail id but no any response after  days amgive reminder than am receive rply from me nilesh mr nilesh says this is non maintenance charge am give reply this maintenance charge why not deduct before january after am not received reply am requesting to hdfc team please refund my  months money * = and also revert on my mob 
COMPLAINT,1098345782,sent mail to customerservicescards@hdfcbankcom and codecomplianceofficerretailassets@hdfcbankcom and posted here and tried sending many letters to you guys
COMPLAINT,-217993048,i did wait for  days
COMPLAINT,-232787078,my cradit card number is  xx xxxx  my payment due date was th of every month but now without informing me you have changed it th could you tell me the reason please  secondly my salary credited in my account between th th every month  suppose my salary comes on th than i would not be able to make the payment on th than who will be responsible for late payment charges i have not asked you to changed my payment due date than why have you done this also i have a jambo loan loan no  xx xxxx  you have done the same for this only  look i have no time to write a mail or comment on social media every time or day request you to kindly make may payment due date a before ( or  every month) otherwise i will not pay any late payment charges kindly do not make your customer mentally disturb vijay kumar 
COMPLAINT,-2096677900,why your bank representative making fool of your customers and y they r doing miss commitments with your customers i m really fedup with your services
COMPLAINT,-2000382413,why cant hdfc build a website that works  the login button dosent even show up due to the heavy graphics used all over the site  its such a basic thing and you cant get it right
COMPLAINT,767841304,your bank is worst customer service provider  i am sorry but have to use this platform to get the attention of your bank  being an nri i will never recommend your bank to anyone and rather ask my friends n relatives to go to other banks who care for their customers and want to grow their business
COMPLAINT,-232787078,i have a hdfc bank jet priviledge platinum credit card (mastercard) it is clearly mentioned on hdfc bank website that this card provides lounge access at select airport lounges in india however at hyderabad airport lounge i was told that my card does not have lounge access since then i have been calling hdfc bank customer care and they are just fooling me by asking me to call jet airways master card get priority pass and what not when its written on the hdfc bank website that the card has lounge access then i dont understand why i am being denied entry over there can anyone please help me with this  
COMPLAINT,-15392472,i have taken policies of hdfc now hdfc has forfited my premium due to non payment of premium for next yea
COMPLAINT,-232787078,i have queries regarding credit card bill statement didnt get proper assistance from customer service i am planning to block my credit card and account too  its utterly disappointing
COMPLAINT,-180202710,security compromised   someone called me yesterday saying that he accidentally transferred money from his account to my account can you transfer it back i told him to which account did you transferred the money and how did you manage to get my cell phone number he said he got my number from icici bank he said he will check and get back i checked and found the rs  has been made to my account from unknown account i wanted to transfer it back to himthe bigger question is how can anyone walk in to icici and get my contact details and make me calls on my registered mobile number
COMPLAINT,364255888,dear mr atmagreetings from icici bank we inform you that the request initiated for the cancellation of credit card account with service request number sr has not been processed as there is outstanding of rs  in your credit card account
COMPLAINT,-844445729,i have applied for po posting in icici but i didnt recevie my login id and password kindly send it
COMPLAINT,-232787078,i want to award icici bank for being d worst customer friendly award a bank which is never wrong only customers are wrong who employee never do wrong selling of credit cards but customer hears them wrong whose asstt manager at okhla branch communicates wrongs information branch managers accepts it but never takes action n neither refunds d wrong charged fee u call him he as assurances but no action n then u realise the customer was wrong issues priority pass which allows free access to airport lounges and they end up charging u n then again prove customer was wrong
COMPLAINT,-232787078,your team dont have manners how to talk to a customer what ki d of relationship you are maintaining with customer if this is the way than please let me know the process how to close all relation with icici bank i dont want to continue with icici bank any more
COMPLAINT,-232787078,pathetic they do not have branch contact numbers on their web sitesurprising the customer service does not have either
COMPLAINT,-807935946,hi icici bank team i am trying to do icici bank transaction by debit card (bus reservation) but your servers are down please check as soon as possible 
COMPLAINT,1543645400,i am still waiting for credit card i applied  days ago no any icici executive call me for update the status its very poor service
COMPLAINT,-232787078,worst chat service ever  you guys promote using icici mobile app and there is chat option right there which is as worst as one cant expect first of all i complaint them for not getting credit card statement on my physical address then secondly i requested them to mail me my last  months credit card statement they said it will take around  hours at max to receive it ok thats fine then i ask them to give me the request number too in case i dont receive it so i should have something to track on but the person dont have request numberas he convinced me sir you will get it soon but nothing on my mail even after  hours now i am forced to call customer care and what they replied me sir your email id is not even updated in your credit card what the f**k i am thinking of closing my icici account as well as cancel my credit card now i am forced to move on to other bank
COMPLAINT,-232787078,i was onfe an icici bank customer( i closed my account and all credit cards in  paid all dues and ended my relationship as my salary account was moved to citi bank and i dont need to maintain two accounts) from march  icici bank is sendingcredit card account statements saying that i need to pay  rs in  ( now  rs with late payment interest etc) contacted customer service twice they created service requests and nothing happend either my calls will be disconnected abruptly or placed in long hold dont know what to do so i am posting here
COMPLAINT,979191103,ya all gimmickry they wd apply charges for any transaction on other atms what if the nearest atm of indusind is not working and theres no other atm in kms  they dont bother unless u escalate they dont care they would swarmaround you the moment you visit a branch to upsell their products which you dont need they mean business no heart no empathy
COMPLAINT,-807935946,worst onboarding experience i had with your bank applied for bank account two weeks back and receive the atm card today but the worst part is i have to wait for one more week to activate my netbanking account what a poor service your are providing icici and hdfc are rockstars and i am totally disappointed with your worst service
COMPLAINT,535958664,kotak mahindra bank ltdteam your netbanking is not working from past  days and am unbale to reach your tollfree number too whats happening  can you rectify this asap  lifes getting difficult with kotak bank suggest to improve your services and online sites
COMPLAINT,979191103,i someone has made a transaction in new york at us polo assn of rs using my credit card on  around  am and even no otp is received although the card is with me only and i never gone there i had already files a complaint regarding this with kotak my service request no is  sr how it is possible please look into the matter and initiate my refund
COMPLAINT,-844445729,helloi am getting continuous call from one unknown lady of your departmentphone number  ten times &  two times she wascontinuously asking phone number of some person whose surname match tomy surname she was contacted to my office where i am working & alsotold me to she will contact to my wifes office tooshe was disturbing me without any reason of your bank i had all callrecords in my cell phone for the conversionshe was openly challenge me to go to police station so it is betteroption for me i will do the same with all communication
COMPLAINT,-418032522,i am regularly getting message that i have  account with your bank ending with  and  with a negetive balance of  and  i had open only  account and after couple of months i have requested to close the account you guys have created  account and accumlating balance on that kindly reverse the entire money and close the account
COMPLAINT,874661164,state bank of indiaarya nagar gzb branch only  officials  remains absentgcc machines not working from months unhappy take some action
COMPLAINT,-232787078,one of the worst service & response from honey park surat branch have been trying to change the mobile number for last  months submitted an application to their branch for mobile number change on  september  they said its done  even after several follow ups it was not done then i came to ahmedabad for work tried to change number online several times but its impossible to change as dont have the earlier number tried all the methods online but all failed so i again had to come from ahmedabad to surat to change number when i went there they( mr rathod & staff) said that they dont know about old applications & asked me to file a new application  i even showed them( mr rathod & staff) the mail but still they showed no interest in earlier application one lady even threatens to call police if i make any noise this was so frustrating that it was almost unbearable first they harass the customer & if the customer shows anger they threaten to call police so again submitted another request in last week of june at their branch they said its done when i came to home & checked online to my horror it wasnt done si i again took follow up the next day from mr rathod he said me to give miscall on a another number to activate the number i did the same but it was not for number activation but was for account balance check etc i told him the same he told me to change mobile number through online banking i tried & showed him that it was pending from their side i took follow ups after follow ups on whatsapp phoneetc i even told the branch manager(mr anil) about the same he simply told to wait & gave the phone to staff now even after  days of visitng them again to their branch & after  months of filing the st application for mobile number change my number is still not changed now they are saying to fill another application & send them the mail i have already done this & waiting for their response
COMPLAINT,-70885488,never opt for yes bank services you vill be messed up when you are in emergency   
COMPLAINT,1576695997,new website has no option to direct log in as a corporate client it keeps on showing new pages instead of directing to log in option there is no direct log in option for corporate client and its frustrating to see new information and waste of time
COMPLAINT,364255888,dear axis bank can you please let me know why you steal money from customers  you dont close the services that i dont want to use form last one year yes you read it right from last  year i am trying to close my axis bank demat account client id   i had applied in april  for closure but it didnt close and i applied again on th june  but money was deducted from account stating for charges on th june  and yet i dont know if the account is closed request you to please close the account and stop stealing
COMPLAINT,-844445729,banks are the places where we save our money but private banks are the parasites they keep nibbling our money some or the other way jo tera hai wo mera hai or jo mera hai wo mera hi hai  never trust them
COMPLAINT,-232787078,ive tried to open a bank account through the governments jan dhan yojana scheme its close to a month now and the representative whos handling my case is still stringing me along without any concrete timeline this is a waste of my time and efforti find it hard to believe that its taking a month to open an account ive tried opening an account at the crosspoint mall branch (opposite galleria market) in gurgaon is this the customer service you guys pride yourself on  i really thought axis had above average service  but looking at this long list of complaints on this post im keen on trying on another bank
COMPLAINT,-1271135951,such pathetic customer service i have been following up since last week for my cc bill and each time the customer care executive says he will send it in  mins and thats the end of it i have call back again to check on the statement i would like to cancel the card this is highly annoying
COMPLAINT,-217993048,his is just start annoying customerswho pushed you upthe day they will come to know the fact as my incident sall you going to roll down like zipdoomalways rememberthe way you all indulged in pathetic wayisnt mrpkjha or mrravi srivastavareally you along with digvijay singhwhat did just only have to convey fact to the customers or publicquite enough to give break to name famegrowth n allits ashamed meanyways keep preaching by making fuss onlinewhirld already shaping big than will seewhats suggestion works best by making fool to consumersor being ownselves     
COMPLAINT,767841304,the customer care number  never connects after  trials from my registered mobile number i got the chance to speak with a phone banking officer who of course knows nothing to resolve my issues the other number  gets disconnected as soon as you dial it
COMPLAINT,-999976579,n th january  my father md irshad alam went to axis bank atm raja bazar to withdraw rs from his salary savings account he withdrew rs and came out from the atm he got a message on his registered mobile number that an amount of rs  has been debited from your account at  he received another message at  that an amount of rs has been debited from your account however he did not perform any transaction we have reported this incident to the axis bank kankurgachi branch garia branch and amherst street police station but they are not at all taking any effective steps against this issue and simply wasting our time by telling that police will take care of these things this incident is happening on a regular basis at axis bank keshab chandra street raja bazar atm
COMPLIMENT,1817281879,i could not stop myself from writing a few lines for this brilliant hdfc phone banker ms shivani the service that i got today is beyond my expectation shivani you are the future for your organization my request to the hdfc management is to encourage shivani she is your asset thank you shivani one more time keep up the good job
SUGGESTION,817244529,never ever go in for such cards as it takes away your liquidity and also you dont get the correct value carry cash
SUGGESTION,-1271135951,axis bank innovated new ideas thats good for progress on thoughts like but the our loan process is very slow and bored so please improve our loan process for new customersaxis bank
REQUEST,364255888,who can i create a account in your bank my pin number 
REQUEST,-844445729,what kind of precious metals investments do you have
COMPLIMENT,-844445729,he milestone
COMPLAINT,364255888,no any rules manner not any guidelines no use of sop very very low standard of yes bank any one service is not good am request of all audience please do not open the account of yes ban
COMPLAINT,1272728510,before we explore new web site please have the basics rectified ie indicate tds in monthly bank statement to avoid malpractice being adopted by yes bank staff in back end office
COMPLAINT,-807935946,i have salary account in axis bankbut still axis bank are not issue credit card
COMPLAINT,767841304,hi axis bankyour customer care communication is very badi have axis bank credit cardi ask him about credit card billshe is phone line cut in half communicationand i am not happy
COMPLAINT,364255888,limited i mean only  free atm transactions per monthsbi a far better government banking service goind to deactivate my account soon
COMPLAINT,-844445729,if you are in a hurry never ever never ever use sahakaranagar bangalore branchyra non stop complaints and yet no useplan to waste over an hour due to the branch manager & staff lethargy topped by their high handedness
COMPLAINT,-999976579,what a foolish reason u guys are giving me nw   i was not contactable   i have already shared my convenient time as well as all the contact details to your concern teamim not yet clear how your promotionalloans team contact me easily and your credits card team couldnt   your team is not taking serious actions on customers needs or what   now i only need exact reason why my credit card gt disapproved  
COMPLAINT,-2000382413,for a simple query i have been communicating with axis bank credit card support team for last  months but the issue is not fixed later i contacted to nodal officer and they were more worst than support team i learned two thing one support team (as communicated with  executives) are unskilled illiterate lack of knowledge of products; two nodal team officer (as communicated with  person) the worst i dont believe they are iim alumuni i have doubt on recruitment agency (probably axis bank hr team) very sad news and very shame to higher authority
COMPLAINT,-62818123,axis bank can you please make my internet banking on    i am trying to login as first time user  forget password both are not working for me i have sent many mails to you but there is not proper response and resolution for issue is
COMPLAINT,-232787078,please do not use axis bank remittance service all their service is pathetic and they put the onus on customers to provide the details while customer service representative do not want to their job
COMPLAINT,-232787078,horrible customer service something as simple as getting my bank statement printed out caused confusion at the bankno queueits like a fish market
COMPLAINT,-232787078,very poor bank ever in my life the customer service is also for axis bank employes only never gives you assured answers i requested to the rbi and consumer forum to take a action against this bank
COMPLAINT,-807935946,credit card using experience is very very bad   like a hell you guys are no more customers friendly bank anymore  
COMPLAINT,1967739320,many time talk customer care many time email customer care but not supported my problem chip debit card payment not send international not transfer merchant account
COMPLAINT,-232787078,i have very bad experience by the bank manager where i approach for a approved locker with locker id number thru mobile app manager suresh from hasthinapuram chennai india stating that he dont know he is the decision maker whether toprovide locker or not we have told its been already booked and hemalatha staff of the same branch we are processing other customer at that time u have applied rhruob app its error who is held responsible to resolve this bank or the stupid customer who is having account with ba k received reward by money by service
COMPLAINT,-687159157,processing is too late especially net banking is too slow
COMPLAINT,-232787078,not sure how you got this award your customer service representative do not even understand simple english i posted a concern over priority banking and the representative shares the details of the mutual funds in your earlier posts you have mentioned please write an email to customerservice@axisbankcom if your resources do not even understand english how will they resolve our queries
COMPLAINT,-844445729,worst bank with worst services i am using axis travel card i have used icici and citibank travel cards they are far better then axis axis bank travel card services are pathetic whenever you raise complaint they will revert back with standard emailwe will get back to you within  days they dont even care whether issue is urgent and after  days they will ask for some information and they counters starts again and they keep doing this until you stop chasing them and you will not any resolution hey axis here on fb post as well dont try same trick by posting reply like hi ajay please write to us at customerservice@axisbankcom if you really want to do something this my complaint reference number  and resolve it within hrs without any excuses
COMPLAINT,-2131005853,the worth service in the industry axis bankin bhubaneswar
SUGGESTION,364255888,try to deposit it into my bank of america account only to realize that literally every atm in a  mile radius is out of service oh and mobile deposit too then id switch banks
COMPLAINT,-232787078,i sorry to say that b of a can come up with thousands of excuses why they do what they want to to your account we know because we have been with them for over  years and this last year has been very bad that have a thousands and one excuses and it no good to talk to them they need to go back to true customer service when they were call the bank of italy
REQUEST,-1761009716,mobile banking is not easier than before when i cant update to the new version (my iphone  cant run ios ) the version i have worked just fine until the forced update came out
REQUEST,-844445729,a great way to simplify my life would be to take care of the issues i had getting help from a live person that i just posted about wrt to my atm card issue dont expect everybody to know the amount of their last deposit and dont have some robot on the phone telling me a representative cant help me and refusing to connect me i was almost late for my train dealing with this unexpected hassle today
SUGGESTION,-232787078,i like the app but that doesnt mean your customer service number needs to have  minute wait times in my  years of being a loyal customer (and tax payer that helped bail out bofa when they made some seriously greedy decision that would have put them under) i am for the first time considering switching to a local community bank because their service is getting worse and worse even in the branches things are going south come on bofa youre posting good earnings  invest in your call centers
REQUEST,817244529,well no luck with contacting your bank via email they dont handle statement changes and i have to call in not sure when i will have time to do that
REQUEST,-418032522,i like the new app but where are the cash back deals located  also is there any plans to open any branches in eastern kentucky 
COMPLAINT,-844445729,my app always crashes
REQUEST,-545243085,waiting for someone to open their chatall agents are busy
COMPLIMENT,1747680500,customer relation matters
COMPLIMENT,-807935946,love this card ita been working out great
COMPLIMENT,-844445729,the new bank of america mobile app is greatthank you for the improvements it is easy to navigate and meets my on line banking needs
COMPLAINT,817244529,dont get it i tried twice to get a purchase approved by phone on my visa and was cut off twice as they were transferring me to the approval department then i received a survey asking about my experience and it didnt work i wonder if this will get through 
COMPLIMENT,-217993048,got this card before my euro trip  i love it  no foreign fee    i did not want to carry too much cash with me while traveling this card is perfect ty bofa
COMPLAINT,534402326,i need help  trying to trade futures future options binary options forex on merrill edge but cannot find any 
REQUEST,535958664,please check the dm i sent need to have something resolved today if you are closed tomorrow thanks
REQUEST,-844445729,can i avail loans for our cooperative working capital
COMPLAINT,364255888,my journey  im in baton rouge where historic flooding has destroyed half the city my mom in michigan tried to deposit cash at a branch into my account during a federally declared state of emergency they told her she couldnt put money into my account super cool thanks chase bank
REQUEST,-232787078,as a loyal customer can i waive this  dollar late fee on my slate bill 
COMPLIMENT,-232787078,best bank i have ever had   they treat you like a person and not a customer 
COMPLIMENT,-807935946,in love with my new pride card  thank you
COMPLIMENT,599361488,this is an awesome feature love the technology (& the llama too )
SUGGESTION,-844445729,when will you guys be getting touchid added to your iphoneipad app 
COMPLAINT,986940378,day na story o no reversal yet 
COMPLAINT,-595210192,no i didnt receive an otp
COMPLAINT,986940378,day na story o no reversal yet 
COMPLAINT,1422755910,i have tried that number its not going
COMPLAINT,38242272,please reply all my messages 
COMPLAINT,-807935946,thank you but considering i already spent $ before the new limits were set can i still use my card for pos up to $ 
COMPLAINT,-1868626646,c
COMPLAINT,979191103,good morning i tries withdrawiing with my verve card bt it keep telling me transaction not completed
COMPLAINT,767841304,na wah for ur customer care u guys are too slow a simple follow back since morning i nid to dm u and forward my complaint
COMPLAINT,-1095217128,hello i observed that has been replying in your stead yet is not verified clarifica nq
COMPLAINT,-844445729,cries in poverty look at my mate and you can t give me my common $ let me per day lzcrgao
COMPLAINT,-1817047744,its shows that the service is currently disabled 
COMPLAINT,-1916442447,i hope this works coz have aready submitted twice here and also marked mail to noda officer seems employee are sleeping
COMPLAINT,-807935946,i m still waiting for card to be deliver frm waybill 
COMPLAINT,-1602854661,i can t send the message since the form on the given link says please enter valid message 
COMPLAINT,1274863867,firstly ur call centre numbr keeps cutting my calls and now u expect me to fill in my details 
COMPLAINT,-938073395,funding a township which is not approved by lda is also apa of this fraud 
COMPLAINT,-844445729,they took months provided me only name card instead of image card i have forwarded so many photos they cheated me <u ><u fe f><u fe f>
COMPLAINT,-471475839,your link is not working whenever i m looking to submit it is not submitting
COMPLAINT,535958664,no one has come and resolved it
COMPLAINT,1543645400,just wondering you expect me to call to check on the status and i am suffering loosing time and patience on this
COMPLAINT,-2000382413,okay thanks thing more i told u to deactivate the sms ale service bt still u r charging me yaxes every month
COMPLAINT,767841304,i have deposited a hsbc bank cheque on th oct your customer care has no clue and asking me for branch pincode
COMPLAINT,1545693985,after complaining from the mail id you are asking to complain from registered email or phone number
COMPLAINT,-232787078,i called your customer service no time to speak to some and no one bothered to talk to me 
COMPLAINT,-232787078,wrote a mail to creditcards com but still no response great service one customer lost
COMPLAINT,-844445729,why cant i reach ur customer care ever i need to speak i call them and then the line cuts off lyk y 
COMPLAINT,767841304,why are your customer care executives are sending irrelevant mails to me without understanding the issue
COMPLAINT,-232787078,worst ever customer service from icici bank nampally hyderabad branch 
COMPLAINT,38242272,its being over a year i haven t received any reply on my issue seems u ppl are deaf enuf 
COMPLAINT,767841304,i had to make rounds to the bank multiple calls it s scary how they really don t care
COMPLAINT,611582564,i ve applied hl in virar branch but even after month i ve received not received the sanction letter
COMPLAINT,364255888,over days now where is the cashback have not received anything so far on my savings account
COMPLAINT,364255888,leave it man close that account i am opening a ac in axis bank
COMPLAINT,1431042603,they never answer on your issues but just to manage twitter
COMPLAINT,-844445729,what the atm isn t fixed badi badi baatin vada pav khaate 
COMPLAINT,714507030,icici asked my no to hear my concern however no call recd
COMPLAINT,1657294827,been comm via email for mnths no help sadly had to escalate to my bank to refute charges case 
COMPLAINT,-938073395,funding a township which is not approved by lda is also apa of this fraud app
COMPLAINT,-2088414391,read about step verification is mandatory by rbi only not for the foreign payment processors 
COMPLAINT,-2056388011,my card pin first flight doc p q not yet delivered lying at bhopal since no proper reply given by courier 
COMPLAINT,1657294827,that s nt d point card was blocked for no reason saying dr case of fraud while serving no purpose what sorcery is this
COMPLAINT,743168859,when i can expect call its more than hours
COMPLAINT,-217993048,hey fraudsters yes u r u gonna do something about the burglary u did on my acc cant believe u cant respond too
COMPLAINT,1988647585,i am shocked he was use very unprofessional behavior threat me 
COMPLAINT,-946683741,need to shift home loan and hence need all this man what a bank in this age of online banking 
COMPLAINT,-1321948884,i need money right at my doorstep this is th to th incident i m reporting i can t hearread the wor
COMPLAINT,336330398,close this dead atm poor service from past months no ac no money no rec 
COMPLAINT,2139756203,my online payments are stalled because of zero cooperation from your side
COMPLAINT,38242272,there is no reply already business hours gone ceo n employee all are shameless 
COMPLAINT,1176097286,great thought chanda ma am better tell someone to cleanup icici suppo as well it s useless
COMPLAINT,767841304,same way a chat suppo which tells me to call customer care number is useless
COMPLAINT,2089703203,rd day and no one has called fraudstericici worstbank icicibank u wont get away 
COMPLAINT,2098172049,this is how u treat ur corporate customers i didn t hear anything from anyone still c
COMPLAINT,1093354054,grammar is still your best friend though 
COMPLAINT,1996487674,its been hours gone pathetic service of liars club senior none of them called me 
COMPLAINT,979191103,your net banking isn t secure ur system says transaction failed but you still go and transfer the money tired of followups
COMPLAINT,-2096677900,why there s no kannada language in ur challan saw this today in bhattarahal
COMPLAINT,1800985023,never purchase any policy from fraud they are giving some other policy 
COMPLAINT,-157883932,please contact me on as i had already send an email on customercare but didn t get any reve on that
COMPLAINT,38242272,my payment failed on th september is saying that money in stuck with bank but here bank dosnt reply pathetic
COMPLAINT,-2096677900,two days gone still waiting for your team to contact me ur team is pretty quick when selling car 
COMPLAINT,-461346707,your way of treating your customers is by putting them on hold for one hour you guys suck 
COMPLAINT,-232787078,no service request for previous calls or sms closed without any resolution or information to customer
COMPLAINT,-1765722905,shared the details yesterday no response yet anytime soon 
COMPLAINT,1687055237,no ac from last yrs days in week no money out of service people using hdfc 
COMPLAINT,817244529,happens all the time pls dont waste our time and money pls retweet vup
COMPLAINT,-2096677900,ur fraud investigation team still not able to find out destination merchant or banker is it ur so called icicisafebanking
COMPLAINT,364255888,chip enabled debit card was physically with me on that day but someone has withdrawn cash from my account 
COMPLAINT,79030838,lost rs on oct from my icici savings in unauthorised cash withdrawal pl act fast sr
COMPLAINT,-1124039027,shittiest service by unable to unblock credit card fully automated junk can t speak to a person with
COMPLAINT,-1124039027,shittiest service by unable to unblock credit card fully automated junk can t speak to a person with
COMPLAINT,-2096677900,struggling for getting fastag from last month ur executive never came wrost service icicibank
COMPLAINT,-844445729,my phone no is hv bn tryng cstmr care for arnd an hr no one rspnds
COMPLAINT,-844445729,faulty trnsctng frm my sbi atm card at icici atm machine cstmr care nt rspndng
COMPLAINT,1921448677,machine didnt displayed that screen on which we enter the amount to be withdrawl what was that [ ]
COMPLAINT,-1449986230,bangalore koramangala branch is very worst to attend to customers 
COMPLAINT,-1258192890,asking me to speak icicipruamc i have mailed full query to them but no answer even after hours
COMPLAINT,-1449986230,icici branch doesn t have money
COMPLAINT,-1859840027,nagpur is this the day closing time there is no cash in the atm too
COMPLAINT,767841304,applied for closure of demat accounts on sept emails to customer care of no use why does one has to tweet to get attn
COMPLAINT,-1130748770,still no response from your bank
COMPLAINT,-807935946,your team calls me for a card upgrade of a blocked card wonder if u have crs systems in place 
COMPLAINT,-844445729,is this how u make money with your malfunctioning atm on what grounds is extra rs being charged lqkr x
COMPLAINT,79030838,i have sr and this been pending with your lazy staff for a month can someone wake up to attend to this
COMPLAINT,-232787078,i think you guys forgot the concern your customer had and enjoying your life
COMPLAINT,-232787078,what a shitty customer suppo you have they cant pronounce a simple name they just won t listen just blabber 
COMPLAINT,364255888,only one call that we will see the matter no action till date what to do with account without signature or pic in records
COMPLAINT,-807935946,i shared number yesterday got your confirmation today early morning however no one reached out to restore the card yet 
COMPLAINT,-595210192,not getting otp
COMPLAINT,1988647585,i m shocked u don t even bother to reply
COMPLAINT,-1488702773,i am now not able to call your custom suppo also this is matter or urgency
COMPLAINT,767841304,you surely don t care
COMPLAINT,-844445729,it s happned in your noida branch and when my person say clear it today then nobody can give us positive response 
COMPLAINT,979191103,hi concern person i had a transaction issue with you bank from th in oct and still not get closure from your team now
COMPLAINT,-844445729,i am in singapore i hv sing nbr registered with and i cudn t create vpa
COMPLAINT,-1691134240,even after i called him once more please note that i never asked him to call me back but it was he told that he will 
COMPLAINT,-2084750985,unfortunately the bad service at icic direct continues after my complaint with you i got several calls promising of 
COMPLAINT,767841304,there is an issue with my credit card statement the branch said they can t help cust care exec put me on hold for mins
COMPLAINT,-232787078,just received a call disgusting not customer friendly wanted me to receive the cheque books km away will stop acc
COMPLAINT,-955764031,just got a phishing call for my icici bank credit card from number talking about refund of k due to me
COMPLAINT,-844445729,trying to call your ccnumber since yesterday it is impossible to talktoyour cc officer my email id mehrashish com
COMPLAINT,-807935946,got my atm card after extra days 
COMPLAINT,1597354194,block chain or blocked operations feeling disappointed not getting last disbursement 
COMPLAINT,510235544,please don t commit if u can perform days passed since i dm my details u no one called shame
COMPLAINT,-687159157,still waiting worstcustomerservice epicfail banicicibank banking ombudsman 
COMPLAINT,996251912,icici bank porbandar refused open ssa unless i open saving ac for gl child
COMPLAINT,1999342139,link not working
COMPLAINT,-844445729,i had a issue with wrong imps transfer i decided quit icici miss sita made me to feel great made me to stay back thank u
COMPLAINT,-232787078,can t makeiteasy badexperience likegovernment badolddays diaconnected from customer
COMPLAINT,364255888,i made a payment for purchasing ticket on website the payment is deducted from my account but is not received n
COMPLAINT,-807935946,dear i haven t applied for credit card still m receiving mails frm you asking me to verify my application which i never done
COMPLAINT,1116313165,still waiting 
COMPLAINT,-2096677900,it shows ur negligence the same dialogue earlier also but no call playing with people money
COMPLAINT,364255888,no account opening in icici without subsription of apy application id 
COMPLAINT,-232787078,atm security is bank responsibility how can any bank get away and blame customer for atm fraud for their hard earn money
COMPLAINT,-232787078,i urge ms chanda kochar to intervene icici official are not customer frandly
COMPLAINT,-807935946,another stupid mail no solution provided still credit card due amount is aprearing on bill payment qdvhgkqv
COMPLAINT,-283338428,if you don t do anything about it in hours im shifting to 
COMPLAINT,767841304,fraudulent activity on my account you guys don t even care to reply to the email
COMPLAINT,-807935946,just got a call frm ur telemarketer i told her i don t hav credit card n indeed i just hav debit card she called me liar
COMPLAINT,-807935946,i received credit card not active which was valid from f in feb you charged me to avoid cibil faulter repay me
COMPLAINT,817244529,why your offcials are always out of their mind and dont rread the mail carefully i feel like completelly pissed off 
COMPLAINT,-807935946,in aug i booked bus ticket through using debit card as said i am supposed to get rs still i have not 
COMPLAINT,-2122388590,appno onemonth goneby n partial pickup of document has been done no wonder u r loosin mindshare n marketshare
COMPLAINT,291074912,each time i try to log in i have problems now my account number is not recognised and the only phone numbers are in india 
COMPLAINT,-807935946,not getting the grid card while adding money to the wallet via netbanking un 
COMPLAINT,817244529,several reasons incapable ppl mistreat u misbehave never solve problem dont understand basucs u r penalized
COMPLAINT,-684165454,fake cleanliness campaign this bank enjoy harassing customers
COMPLAINT,16896432,do whatever u want i just don t need any more calls i need execution of the commitment i am not repeating again again 
COMPLAINT,817244529,worst bank enjoy harassing u have made simple situatuion a hell why dont u guys close down
COMPLAINT,-684165454,worst bank who enjoy harassing u
COMPLAINT,-1937482226,no action yet on my cashback issue of icicipockets
COMPLAINT,65025155,but without my approval why my account info updated frequently 
COMPLAINT,-1757689271,without customer knowledge every now and then updating details recently remove my mobile number m my ac feel unprotected
COMPLAINT,-232787078,what do u want customer should die else u won t stop harassing not once not twice every time u guys harass and i ll treat
COMPLAINT,364255888,what do u guys think we have an account here so u would behave like as u feel harass me for your comfo
COMPLAINT,-807935946,just interact with sayed at and he is telling me that the normal debit card easily hacked compare of coral debit m shocked
COMPLAINT,-439554166,to make dd we need to fill dd slip n ur dd charges r rs per dd so how do u benefit the cust indianbanking rbi
COMPLAINT,-1488702773,chor bank still didnt able to find anything 
COMPLAINT,-844445729,is freaking me by draining all my money no help till now
COMPLAINT,79030838,congrats for new recordno response to my sr in more than months
COMPLAINT,1241501150,how long it s more than a month since i raised this complaint
COMPLAINT,378048789,let down my expectations response is disappointing and inefficient paper work i expect swift action on this
COMPLAINT,807697879,looping you this guys have recovered money in a very unethical manner
COMPLAINT,-807935946,my kotak netbanking not showing updated statement details
COMPLAINT,364255888,i have a one time closure letter dated for my loan account after lot of follow up it is not closed 
COMPLAINT,-844445729,team request closed without even informing about the outcome wat happened with my money
COMPLAINT,364255888,what haapen guys again rs was deduted from my account without any information should i highlight this issue with uday kota
COMPLAINT,-1966579915,i thought grievance redressal is slow only for me ohh it s same for everyone badservice waitingfrommonths
COMPLAINT,-959409795,now after all this issues i am getting a notification of amount due as penalties common team poorkotakbank
COMPLAINT,-844445729,u dnt wanna resolve my problem dnt want to talk to me u rnt respondin for ages u nly want me to exit your bank
COMPLAINT,-1451508951,already raised a consumer complaint against your bank kotakyou can congratulate your executive for this 
COMPLAINT,-2095627851,poorva sending mail and required documents for the last days
COMPLAINT,535958664,my complaint has not been resolved and yet i am getting a mail today saying my complaint has been closed how
COMPLAINT,-844445729,it does not pertain to kotak mahindra bank it is for kotak securities read the tweet man
COMPLAINT,-232787078,customer service sucks at kotak life insurance and conveniently does not have atwitter handle also kotaklife 
COMPLAINT,-1258192890,the dangerous point in any deal is star n ur sheet is full of it which means u intend to cheat people if they do nt notice
COMPLAINT,-1271135951,every bank takes a charge and i am fine with it but you need to tell not take it discreetly thats my point why the time lag
COMPLAINT,-232787078,chetting the customer and not replying
COMPLAINT,-844445729,whytake charges after months why so secretly why is there no fixed date charges to be deducted why take twice demat chrgs
COMPLAINT,1545693985,you really need a month to respond to an email
COMPLAINT,-844445729,if u are charging on a toll free number then y the hell we need to listen all unrelated promotional offers
COMPLAINT,397254606,i am applying third time they don t give anything in writing everything is verbal with tough condition
COMPLAINT,1597354194,feeling cheated
COMPLAINT,-807935946,hello team i have opened savings account in october without any clue my account was debited with for debit card
COMPLAINT,-1182726884,do u know what is my issue i have calling last days n not getting solution running behind u n fuck off
COMPLAINT,1213304262,nothing bank can t help me with please let me know it s really annoying raised service request no 
COMPLAINT,-747443372,till today haven t received update on request nor request completed unable to understand delay of months for a small request
COMPLAINT,-232787078,offering a range of financial services wo any knowledge of service rm addressing a customer wo a salutation lol
COMPLAINT,-422239918,shame th day of twitter followup rd day of branch request dtd sep no reversalclosure executed no reply 
COMPLAINT,1033909796,uncessary charges credit extra fees 
COMPLAINT,364255888,from august u ppl are solving this issue i would like to change my saving account now
COMPLAINT,-150082881,days are complete still my cashback isn t credited to my account i have the reciept also for the same stating cb details
COMPLAINT,535958664,need to fly london delhi to get this resolved share email address to send ticket invoice for re imbu 
COMPLAINT,-217993048,unfortunately u still did not consider it appropriate to answer my query
COMPLAINT,364255888,hell guys i have opened an account with u guys days ago but till now the account is not active yet
COMPLAINT,118622328,appreciate twitter team for quick response but i am bearing for more than a week you can understand why people choose pl ty
COMPLAINT,364255888,my account was with ing vysya after acquiring by kotak bank fee increased now asking for k as amb
COMPLAINT,-232787078,bank is dependent to single person or bank usually do the same with customer this is the worst experience thank you
COMPLAINT,2087216277,from last days branch official is saying your request is with central team we cant commit say do anything 
COMPLAINT,-232787078,i got money instead of k from axis bank atm and m a customer of 
COMPLAINT,-1548382284,i will but that s not solution to my banks suppo number not being reachable
COMPLAINT,-1781589599,when i get callback from your bank nothing happens when someone press then what s the purpose of cal 
COMPLAINT,-1830127643,they are deducting money for no reason 
COMPLAINT,-844445729,is freaking me by draining all my money no help till now
COMPLAINT,1747680500,all customer relation mangers too busy to handle an emergency poorcustomerservice
COMPLAINT,-232787078,please find alternate solutions to help customer and not trouble them this is my third complaint on tweeter
COMPLAINT,144184227,i want to say an only single word to kotak bank that is shut down call me if you want to contact me 
COMPLAINT,364255888,eight days since i funded for new sb ac account still not opened totally disappointed jifistatus
COMPLAINT,338369390,they say they r helpless it is with central team which does reversal closure they will do it in sequence no time commited
COMPLAINT,-232787078,customer ser executive says that this is how the bank works we close queries it s customers responsibility to follow up 
COMPLAINT,-807935946,months srs to update my number and both times close the query saying updated i call back num not updated 
COMPLAINT,535958664,your netbanking is down and so is your call centre what s happening 
COMPLAINT,983750766,ing vysya merged to kmb consequently all the customers are put in trouble even day to day transactions have become a big task
COMPLAINT,-232787078,worst customer service ever after calling for nth time on helpline i could reach your representative and call disconnected
COMPLAINT,364255888,no thanks i will close my account there are another options availble of kotak you people are charging each thing
COMPLAINT,364255888,was faked by one of your agent to open an ace account and have been experiencing nightmares
COMPLAINT,-232787078,want to open an acct customer service telling they trying to call me but whatever calls i got they marked as spam by others
COMPLAINT,-807935946,is it so difficult to help yr customers to correct their cibil that too bcz your own bank delayed the pdcs
COMPLAINT,-59918654,i hav recvd the foreclosure nly and there is no letter with it
COMPLAINT,868437606,will send more proof proving your incompetence kotakchor
COMPLAINT,827625004,spent almost an hour trying to gt help now in branch kotakchor cp
COMPLAINT,-232787078,again extremely disappointed your privilege customer mgrs do not keep commitments stop answering calls refuse to ack sms 
COMPLAINT,-999976579,high time theses companies should sta taking consumer distress as important fraud kotakmahindrabank ht
COMPLAINT,767841304,why you proclaim that you have a customer care suppo when you can t keep it 
COMPLAINT,979191103,in did transaction on irctc to book a ticket though net banking then cancelled ticket as per irctc amount is sent to bank
COMPLAINT,-62818123,crn no have requested for hard copy of my internet banking password on th sept e mail also sent but 
COMPLAINT,937061532,well it gonna be days still waiting for my cheque clearance for god sake what kinda banking system is this frustrated
COMPLAINT,1111109240,it is so disgusting st thn then rejects my application for pls cr crd despite all records ok
COMPLAINT,-2096677900,your team don t think update me even i called your bank representative he shouting on me 
COMPLAINT,-1182726884,have got the answer its around days over and your turtle team still trying 
COMPLAINT,-278359848,yes the issue remains the same despite changing the browser need your assistance here 
COMPLAINT,657280115,is the imps service available today i am unable to use it 
COMPLAINT,-1095217128,after reply personally not replying only they are worried about public domain 
COMPLAINT,331097461,is there any update its almost a month 
COMPLAINT,-83297375,if the hackers can get access to the database of then on what grounds do and stand 
COMPLAINT,-232787078,respected sir i have an idea to achieve more and gain revenue as well as customer so for my suggestion please reve me thnx
COMPLAINT,-1182726884,requested for home loan documents at the branch i can t understand why it should take days for a simple request
COMPLAINT,-1331426791,dear icici bank my father is getting calls from one of icici employee who is misbehaving with him for past loan settlement
COMPLAINT,1545693985,bearing it for the third time writing an email to service loans com in the middle of night consider referring to it 
COMPLAINT,585544806,my dad is government employee and applied for loan from sbi bank is harrashing him plz help pathankot punjab
COMPLAINT,1187389813,i have noticed fraudulent activity on my net banking and a huge amount is missing please help 
COMPLAINT,364255888,my icici account has been cloned by some one and withdrawn k from delhi as per the icici bank cont d 
COMPLAINT,585544806,i am charged mab charges on my account thrice without any info available on my account profile about mab reqmt plz rvrs
COMPLAINT,-1255720496,i have sent you the details in dm please look into this matter very urgently
COMPLAINT,-217993048,haven t received a neft credit ale to a payee for a transfer i did in the morning help please
COMPLAINT,767841304,unbale acces imobile n unable to speak to customer care executive even after repeated calls to call center whats next
COMPLAINT,-1266565313,hey i am still awaiting for my k no update from the branch please take immediate action its high time now
COMPLAINT,510235544,what is the progress on this unbelievable laxity
COMPLAINT,767841304,awesome customer care just been advised to ignore security sms we send it to all ignore it please veryfunny
COMPLAINT,-749165456,in your net banking portal taxes paid yesterday hasn t been confirmed even after hours no challans stuck with my it returns
COMPLAINT,-844445729,doesn t even pertain to kotak bank please read
COMPLAINT,980910594,very strange i am getting all the calls don t know how you are unable to reach please call tomorrow at am
COMPLAINT,-807935946,hi i want to unblock my credit card tried calling but number is not working please help
COMPLAINT,364255888,how much time does it take to open a saving account in your bank it s been a week and yet no response from branch 
COMPLAINT,-157883932,need statement my biz loan been running from branch to customercare to loan guys past week but no result can some help
COMPLAINT,338369390,will anyone come forward with answer can you process reversal n closure today if not today then by what date 
COMPLAINT,-807935946,looting customers in the name of travel card hoping for someone to help out hs
COMPLAINT,1400494770,have current ac but unable to use mobile banking for second err invalid credentials please assist
COMPLAINT,-844445729,should i bank when is working fine or when i need poorestsuppo pleaseclosemyaccount canttakethisshitanymore
COMPLAINT,-1455487183,the sms was shared with your team last week and duly acknowledged by them what else u need 
COMPLAINT,585544806,premature withdrawal of ppf modified by finance ministry not implemented by sbi branches plz circulate to br
COMPLAINT,65025155,your telephone suppo is not able to provide correct info in creditcard interest what is your email help
COMPLAINT,844408295,your illiteracy about india its ppl continues not sure how it makes sense u when u air hindi ads in kannada fm channels
COMPLAINT,-62818123,till now no one contract me just see how is your systems is working i have your cc card i want to have internet banking
COMPLAINT,1733049574,banks like doesnt suppo in the transfer of single female employees to there home state nor in the work time
COMPLAINT,-669682568,i informed a bug in imobile app n a wrong transtn hapnd in july raised complnt no result no use
COMPLAINT,-758878177,worst bank service i have ever seen the one in koramangala branch bangalore no response for call please improve it asap 
COMPLAINT,2087216277,please check with your branch official before posting they are saying that they can not do anything it is with central team 
COMPLAINT,-394028833,atm machines should mention cards issued for foreigners will not be given money but will help deduct your balances sham
COMPLAINT,767841304,thanks for reversing d charges bt still few r pending i e for yestrdy today onwards u should better take care such charges
COMPLIMENT,794968553,thank you 
COMPLIMENT,-527913821,thanks for assistance
COMPLIMENT,2093299845,thanks a lot
COMPLIMENT,676735951,congrats boss enjoy <u c><u c>
COMPLIMENT,-844445729,yes thanks to my favourite bank
COMPLIMENT,937061532,thanks u guys were rely helpful god bless
COMPLIMENT,-1923782750,thanks but has already helped me so things out
COMPLIMENT,-844445729,paywithcapture though i ve finally succeeded in linking my account to it tank u
COMPLIMENT,-99628232,okay thanks
COMPLIMENT,-99628232,thanks
COMPLIMENT,693871998,good morning done as requested
COMPLIMENT,-844445729,have received my amount of thank you have learnt that cod is safest when shopping
COMPLIMENT,-471475839,thanks hope concerned team will progress from looking into it to fixing it at some stage 
COMPLIMENT,794968553,thank you
COMPLIMENT,-1255720496,thanks for calling me providing me the necessary details
COMPLIMENT,827625004,yes rm contacted and promised resolution by mid next week will confirm on receipt of the amount thank you appreciated 
COMPLIMENT,3089282,done robots
COMPLIMENT,-844445729,tks for your prompt reve pls take prompt action on those people too idz xw z
COMPLIMENT,817244529,pls dont go with hdfc credit cards no offers or benefits for existing customers better go with sbi or banks
COMPLIMENT,817244529,pls dont go with hdfc credit cards no offers or benefits for existing customers better go with sbi or banks
COMPLIMENT,82391420,i would like to appreciate all the steps taken by miss sita for helping to resolve my long going issue with icici
COMPLIMENT,794968553,thank you
COMPLIMENT,-731571731,thnks to giving a chance to visit club mahindra reso superb living experience der hope t
COMPLIMENT,-731571731,thnks to giving a chance to visit club mahindra reso superb living experience der hope to see u again
COMPLIMENT,535958664,thnk u issue resolved
COMPLIMENT,1779116204,thanks team i checked with the local branch in mumbai they asked me to apply at bangalore branch which i can t 
COMPLIMENT,-1255720496,thank you all for your super cool entries in myhelicoptershot contest winners please dm your contact details to claim 
COMPLIMENT,92463817,thank you please look into it
COMPLIMENT,38242272,show me the action you taken regarding this how can i believe what action you taken reply with details
COMPLIMENT,-232787078,great offer on big basket green tuesdays but give it atleast twice per month per customer 
MISCELLANEOUS,-401630462,alright but i will be able to withdraw today
MISCELLANEOUS,-1923876920,without id
MISCELLANEOUS,1847721221,dear sir re access bank account adebowale ogunranti on monday october cont 
MISCELLANEOUS,-418032522,open atm at ajyodha village pin wb we have place and commercial electricity licence armed guard manab 
MISCELLANEOUS,-807935946,some months back people had just asked me to provide nominee details and i provided my wife s pan card copy and photo
MISCELLANEOUS,-844445729,does clean my coach works madam drdibyendupal com
MISCELLANEOUS,1461623342,here is what your apply online link leads to gm ck
MISCELLANEOUS,290678766,when am i getting d call 
MISCELLANEOUS,-793977055,exactly <u d>
MISCELLANEOUS,-807935946,i have recive the mail for conformation nitin tambe your icici credit card application ref no kbj
MISCELLANEOUS,-2096677900,on th have made payment of inr nd at that time representative said there were no dues because my emi refunded 
MISCELLANEOUS,714507030,hi we have made a note of your concern and informed our teams we will get back to you 
MISCELLANEOUS,1872164590,that s the scamsters statutory warning they just can t let go of that signature 
MISCELLANEOUS,-844445729,shocked this is not mine co avtjdsyiu
MISCELLANEOUS,-1925521688,a small ell instead of small i in the address the s missing after http fraud mail g z
MISCELLANEOUS,-807935946,bank s fraud detection logic automatically suspended card temporarily to prevent further transactions 
MISCELLANEOUS,-1925521688,a small ell instead of small i in the address the s missing after http fraud mail g z
MISCELLANEOUS,-1757689271,sorry i was traveling in delhi have no knowledge about area
MISCELLANEOUS,-1925521688,a small ell instead of small i in the address the s missing after http fraud mail g z
MISCELLANEOUS,868437606,maybe the setting is not active since i was not able to send dm co ovmvznkop
MISCELLANEOUS,-1925521688,a small ell instead of small i in the address the s missing after http fraud mail g z
MISCELLANEOUS,-1925521688,a small ell instead of small i in the address the s missing after http fraud mail g z
MISCELLANEOUS,874661164,somewhere in uttam nagar delhi
MISCELLANEOUS,-1925521688,a small ell instead of small i in the address the s missing after http fraud mail g z
